;regions;Жилищные условия населения: Удельный вес расходов домашних хозяйств на оплату жилищно-коммунальных услуг: В процентах от общей суммы потребительских расходов, по данным Выборочного обследования бюджетов домашних хозяйств;Жилищные условия населения: Жилищный фонд: Всего, общая площадь жилых помещений, миллионов квадратных метров;Денежные доходы населения: Структура денежных доходов населения, в процентах от общего объема денежных доходов;Жилищные условия населения: Предоставление гражданам социальной поддержки (льгот) по оплате жилого помещения и коммунальных услуг: Объем средств, предусмотренных на предоставление гражданам социальной поддержки по оплате жилого помещения и коммунальных услуг, миллионов рублей;Денежные доходы населения: Медианный среднедушевой денежный доход населения, в месяц, рублей;Денежные доходы населения: Величина прожиточного минимума пенсионера в целях установления социальной доплаты к пенсии, рублей в месяц;Жилищные условия населения: Предоставление гражданам социальной поддержки (льгот) по оплате жилого помещения и коммунальных услуг: Численность граждан, пользующихся социальной поддержкой по оплате жилого помещения и коммунальных услуг, тысяч человек;Денежные доходы населения: Структура использования денежных доходов населения , в процентах от общего объема денежных доходов;Денежные доходы населения: Среднедушевые денежные доходы населения, в месяц, рублей;Денежные доходы населения: Численность занятых, приходящихся на одного пенсионера, в среднем за год, человек;Жилищные условия населения: Общая площадь жилых помещений, приходящаяся в среднем на одного жителя, на конец года, квадратных метров;Жилищные условия населения: Предоставление гражданам субсидий на оплату жилого помещения и коммунальных услуг: Общая сумма начисленных субсидий на оплату жилого помещения и коммунальных услуг, миллионов рублей;Денежные доходы населения: Численность пенсионеров: Всего, тысяч человек;;Жилищные условия населения: Удельный вес расходов домашних хозяйств на оплату жилищно-коммунальных услуг: В процентах от общей суммы расходов на оплату услуг, по итогам выборочного обследования бюджетов домашних хозяйств;Денежные доходы населения: Число собственных легковых автомобилей на 1000 человек населения, на конец года, штук;Потребление продуктов питания: Потребление мяса и мясопродуктов (включая субпродукты ii категории и жир-сырец) на душу населения, в год, килограммов;Жилищные условия населения: Предоставление гражданам жилых помещений: Число семей, получивших жилые помещения и улучшивших жилищные условия за год, тысяч;Денежные доходы населения: Реальные денежные доходы: Реальный размер назначенных пенсий, в процентах к предыдущему году;Денежные доходы населения: Величина прожиточного минимума, установленная в целом по Российской Федерации и в субъектах Российской Федерации, на год, на душу населения, рублей в месяц;Денежные доходы населения: Реальные денежные доходы: Реальные доходы населения, в процентах к предыдущему году;Денежные доходы населения: Среднемесячная начисленная заработная плата муниципальных служащих органов местного самоуправления: Всего, рублей;Жилищные условия населения: Предоставление гражданам жилых помещений: Удельный вес семей, состоявших на учете в качестве нуждающихся в жилых помещениях, в общем числе семей, в процентах;Жилищные условия населения: Предоставление гражданам субсидий на оплату жилого помещения и коммунальных услуг: Среднемесячный размер субсидий на семью, на конец отчетного периода, рублей;Денежные доходы населения: Реальные денежные доходы: Реальная начисленная заработная плата работников организаций, в процентах к предыдущему году;Денежные доходы населения: Среднемесячная начисленная заработная плата муниципальных служащих органов местного самоуправления: В местных администрациях (исполнительно-распорядительных органах муниципальных образований), рублей;Жилищные условия населения: Предоставление гражданам жилых помещений: Число семей, состоявших на учете в качестве нуждающихся в жилых помещениях, на конец года, тысяч;Жилищные условия населения: Жилищный фонд: Городской жилищный фонд, общая площадь жилых помещений, миллионов квадратных метров;Денежные доходы населения: Структура социальных выплат, в процентах;Потребление продуктов питания: Потребление молока и молочных продуктов на душу населения, в год, килограммов;Потребление продуктов питания: Потребление яиц на душу населения, в год, штук;Потребление продуктов питания: Потребление растительного масла на душу населения, в год, килограммов;Денежные доходы населения: Среднемесячная начисленная заработная плата муниципальных служащих органов местного самоуправления: В представительных органах муниципальных образований, рублей;Потребление продуктов питания: Потребление хлебных продуктов на душу населения, в год, килограммов;Денежные доходы населения: Величина прожиточного минимума, установленная в целом по Российской Федерации и в субъектах Российской Федерации в iv квартале 2001-2020 гг., на душу населения, рублей в месяц;Жилищные условия населения: Предоставление гражданам социальной поддержки (льгот) по оплате жилого помещения и коммунальных услуг: Среднемесячный размер социальной поддержки на одного пользователя, рублей;Денежные доходы населения: Средний размер назначенных пенсий, на 1 января, рублей;Денежные доходы населения: Численность населения с денежными доходами ниже границы бедности/величины прожиточного минимума , в процентах от общей численности населения субъекта;Денежные доходы населения: Структура потребительских расходов домашних хозяйств*), по итогам выборочного обследования бюджетов домашних хозяйств, в процентах;Потребление продуктов питания: Потребление сахара на душу населения, в год, килограммов;Жилищные условия населения: Жилищный фонд: Сельский жилищный фонд, общая площадь жилых помещений, миллионов квадратных метров;Жилищные условия населения: Предоставление гражданам субсидий на оплату жилого помещения и коммунальных услуг: Число семей, получавших субсидии на оплату жилого помещения и коммунальных услуг, по состоянию на конец отчетного периода, тысяч;Денежные доходы населения: Среднемесячная номинальная начисленная заработная плата работников организаций, рублей;Жилищные условия населения: Предоставление гражданам жилых помещений: Удельный вес семей, получивших жилые помещения, в числе семей, состоявших на учете в качестве нуждающихся в жилых помещениях, в процентах;Денежные доходы населения: Медианная заработная плата работников организаций, без субъектов малого предпринимательства, по данным выборочных обследований, за апрель, рублей;Денежные доходы населения: Потребительские расходы в среднем на душу населения, в месяц, рублей;Денежные доходы населения: Граница бедности, рублей
0;Кемеровская область;8.2;69.0;0.7;5327.0797;26779.8;10893.0;735.481;2.6;32627.0;1.43;26.9805;1084.6988;816.0;;28.9723;327.7286;72.0;4.285;97.3;12667.0;99.5;48789.0;2.8149;1944.0;103.5791;48796.0;33.633;59.0;3.5;203.0;288.0;10.3;46301.0;109.0;-99999999.0;603.5823;16907.0;11.3;28.5;32.0;11.0;37.936;57652.6;11.6081;-99999999.0;24686.0;12638.0
1;Ненецкий автономный округ;11.5;1.0;0.5;138.3286;71497.5;22140.0;9.591;31.5;104109.0;2.27;28.0497;39.901;14.0;;32.9157;229.0071;;0.095;102.2;25419.0;99.4;133063.0;31.3784;3335.0;99.0325;133743.0;5.377;1.0;0.8;;;;135199.0;;-99999999.0;1201.8959;25517.0;9.0;34.8;;0.3;0.616;106949.0;1.7019;-99999999.0;41089.0;25145.0
2;Приморский край;8.8;46.0;2.2;3600.4584;36456.6;14245.0;328.437;-7.4;45834.0;1.82;25.4761;758.2633;514.0;;34.0262;491.8987;91.0;2.199;99.6;16564.0;97.6;76483.0;2.973;1494.0;101.5;76131.0;26.238;36.0;2.4;171.0;290.0;13.1;82999.0;108.0;-99999999.0;913.5335;17207.0;11.4;25.8;42.0;10.0;29.941;63588.6;8.1168;-99999999.0;39421.0;16474.0
3;Ростовская область;10.8;116.0;17.6;7832.4229;31398.9;11253.0;742.585;-2.5;40016.0;1.66;27.7344;1611.4756;1227.0;;37.0761;334.6933;75.0;1.944;98.5;13085.0;100.7;53277.0;1.2028;1442.0;100.2547;52999.0;22.017;81.0;2.3;263.0;340.0;15.7;60646.0;105.0;-99999999.0;878.9592;15418.0;10.5;29.1;43.0;35.0;84.316;44767.4;7.9957;-99999999.0;34963.0;12898.0
4;Республика Крым;9.4;40.0;14.8;1595.893;24681.1;11612.0;340.221;0.5;28699.0;1.5;20.9998;7.269;559.0;;42.9011;223.2293;56.0;0.538;97.6;13501.0;96.2;40112.0;3.8772;541.0;96.0972;39870.0;32.235;19.0;0.7;152.0;237.0;11.6;48180.0;102.0;-99999999.0;390.8962;14912.0;14.5;22.0;38.0;21.0;0.545;41986.1;1.6244;-99999999.0;24649.0;13341.0
5;Иркутская область;7.7;62.0;0.7;4102.985;28570.9;12689.0;518.264;-0.3;35040.0;1.53;26.4487;1120.4353;722.0;;31.9211;270.3407;73.0;1.804;97.9;14754.0;99.3;75229.0;4.6539;1633.0;101.206;74792.0;49.996;50.0;1.9;201.0;247.0;13.0;85283.0;105.0;-99999999.0;659.7321;17363.0;14.8;24.2;33.0;12.0;51.99;64634.9;3.5501;-99999999.0;26644.0;14581.0
6;Архангельская область;8.9;34.0;0.9;3891.0836;35748.2;-99999999.0;348.697;2.8;48356.0;1.27;33.3898;353.2882;405.0;;32.7229;336.7907;66.0;0.847;98.0;-99999999.0;95.5;59635.0;8.8792;1500.0;96.8754;58962.0;42.027;23.0;1.3;206.0;248.0;13.0;82206.0;106.0;-99999999.0;929.9104;21239.0;11.8;27.3;40.0;11.0;15.414;67834.8;1.8672;-99999999.0;38562.0;-99999999.0
7;Республика Ингушетия;7.2;8.0;27.1;603.4526;17329.0;11253.0;137.355;32.7;20781.0;1.77;16.1269;140.0958;115.0;;50.9986;181.7222;57.0;0.063;96.0;13085.0;95.8;28102.0;10.9929;1501.0;88.1632;27916.0;9.85;5.0;0.6;226.0;188.0;10.3;29446.0;121.0;-99999999.0;366.1149;13968.0;30.5;14.1;43.0;3.0;6.5;32800.8;0.5497;-99999999.0;11361.0;13014.0
8;Костромская область;7.7;19.0;3.8;1908.0085;27139.8;11135.0;357.692;-3.3;34450.0;1.4;32.9466;275.9525;200.0;;34.6372;328.9596;67.0;0.298;98.5;12860.0;96.5;37612.0;5.2632;1545.0;97.3147;37412.0;14.023;13.0;1.3;216.0;349.0;10.3;47413.0;103.0;-99999999.0;444.5185;16137.0;11.0;22.1;29.0;6.0;12.388;40241.5;2.0877;-99999999.0;29753.0;13362.0
9;Оренбургская область;9.8;56.0;2.3;2990.8647;23942.0;10415.0;496.776;-3.8;30334.0;1.43;30.1451;477.3041;591.0;;41.807;427.6957;70.0;1.5;98.1;12110.0;95.4;44921.0;3.8554;1065.0;99.0099;44550.0;32.052;34.0;1.6;300.0;307.0;19.5;62079.0;119.0;-99999999.0;501.7125;15607.0;13.1;23.5;35.0;22.0;27.339;43540.3;4.0774;-99999999.0;25403.0;11764.0
10;Нижегородская область;10.5;92.0;9.2;8825.6273;33308.3;11253.0;849.5;3.1;43220.0;1.65;29.9;1177.9766;995.0;;39.6718;427.5945;82.0;1.006;98.8;13085.0;99.6;57790.0;1.846;1615.0;103.0896;57395.0;26.898;67.0;1.6;238.0;285.0;15.3;72101.0;105.0;-99999999.0;865.7669;16754.0;8.0;26.5;39.0;25.0;45.696;48367.9;3.4709;-99999999.0;35053.0;12352.0
11;Московская область;11.8;283.0;26.5;19881.752;48004.7;13951.0;1802.235;6.3;55109.0;1.75;32.9629;2411.3228;1972.0;;33.2791;323.0936;109.0;1.875;96.8;16223.0;97.7;88121.0;0.6904;1621.0;95.4319;88137.0;28.061;268.0;1.9;250.0;379.0;13.3;80932.0;119.0;-99999999.0;919.31;18028.0;5.5;35.5;43.0;16.0;97.896;70704.6;6.3104;-99999999.0;43138.0;16136.0
12;Забайкальский край;7.3;24.0;0.8;1857.023;28379.6;14005.0;198.731;8.4;36183.0;1.67;23.6887;204.46;268.0;;32.3496;318.6475;74.0;1.163;97.4;16286.0;100.6;45521.0;4.7606;1759.0;99.2366;45285.0;19.491;16.0;1.1;258.0;166.0;12.3;50511.0;108.0;-99999999.0;778.7004;15738.0;17.6;22.7;35.0;7.0;6.757;59412.9;5.8601;-99999999.0;27644.0;15746.0
13;Брянская область;8.8;37.0;22.4;1818.6056;28677.8;11475.0;270.532;0.5;35722.0;1.27;32.5225;195.6928;401.0;;38.1755;213.6051;71.0;0.695;96.9;13127.0;96.9;41958.0;2.4124;1171.0;99.7021;41639.0;13.084;25.0;1.0;190.0;250.0;11.3;47264.0;98.0;-99999999.0;560.1942;15705.0;12.0;23.0;32.0;12.0;10.452;40804.1;5.105;-99999999.0;30320.0;13242.0
14;Тамбовская область;10.6;33.0;19.6;2113.3524;27696.7;11224.0;275.71;6.5;34092.0;1.4;34.0336;470.842;332.0;;42.0194;387.2517;84.0;0.748;97.4;12210.0;96.7;32745.0;4.4167;1361.0;99.5492;32501.0;20.458;19.0;1.2;159.0;189.0;16.9;36964.0;155.0;-99999999.0;638.7607;15170.0;10.5;25.1;53.0;14.0;21.039;39345.7;3.4776;-99999999.0;27256.0;12384.0
15;Новгородская область;12.5;20.0;14.1;1710.1427;27659.9;11732.0;165.437;-2.8;33729.0;1.41;35.3631;92.9407;191.0;;45.6169;346.3466;76.0;0.514;99.8;13641.0;100.8;42132.0;3.8977;1703.0;102.8707;41966.0;10.846;13.0;1.3;242.0;236.0;15.0;60019.0;104.0;-99999999.0;861.427;16760.0;11.9;27.3;37.0;8.0;3.386;45247.3;4.463;-99999999.0;29024.0;13348.0
16;Республика Бурятия;10.2;22.0;3.9;1640.9412;26491.8;13048.0;332.205;-0.2;32823.0;1.44;22.5747;812.7189;257.0;;44.6047;271.598;62.0;0.617;96.9;15172.0;99.8;51590.0;8.2311;2859.0;101.7445;51351.0;30.949;13.0;1.1;175.0;204.0;10.0;59248.0;105.0;-99999999.0;411.6287;15737.0;19.0;22.9;26.0;9.0;18.44;53495.3;1.9547;-99999999.0;27957.0;14992.0
17;Белгородская область;9.5;53.0;19.4;3013.97;32811.0;10055.0;370.307;7.2;41022.0;1.56;35.0274;59.1034;495.0;;39.6502;336.2898;98.0;0.871;98.1;11692.0;99.8;55600.0;2.7167;764.0;99.4468;55567.0;18.044;32.0;1.5;269.0;326.0;13.9;57764.0;134.0;-99999999.0;678.2593;16709.0;6.1;24.1;45.0;21.0;3.418;47637.8;4.7947;-99999999.0;32092.0;11591.0
18;Республика Саха (Якутия);11.9;24.0;0.5;3474.1439;43912.2;18076.0;197.272;13.2;57715.0;1.87;24.083;602.3412;272.0;;37.4977;229.2181;87.0;2.232;100.2;21019.0;104.3;85523.0;6.7881;3175.0;103.1161;84645.0;25.511;16.0;1.7;272.0;248.0;9.1;141265.0;133.0;-99999999.0;1467.5777;22125.0;15.5;31.7;37.0;8.0;11.109;96728.3;9.4464;-99999999.0;41009.0;20556.0
19;Камчатский край;13.3;8.0;0.7;1505.8505;53171.8;21692.0;72.477;15.9;70769.0;1.89;28.1824;204.1524;88.0;;46.8757;576.22;78.0;0.951;99.1;25223.0;96.8;105424.0;4.1124;1968.0;98.5346;105549.0;5.669;6.0;0.9;155.0;250.0;12.7;108070.0;100.0;-99999999.0;1731.4119;24857.0;12.8;28.3;32.0;2.0;5.863;103539.9;16.2592;-99999999.0;44431.0;25056.0
20;Республика Марий Эл;10.3;20.0;3.6;1428.1421;21497.5;10535.0;184.037;-0.1;25696.0;1.31;29.4038;279.8061;205.0;;39.0517;255.8287;99.0;0.599;99.6;12250.0;97.1;42406.0;4.0595;1480.0;100.3719;42542.0;11.802;13.0;1.2;254.0;269.0;13.6;34013.0;126.0;-99999999.0;646.6734;15206.0;16.2;26.4;33.0;7.0;12.119;40712.9;4.8082;-99999999.0;19832.0;11777.0
21;Ульяновская область;11.3;38.0;10.5;4342.5419;25288.4;10654.0;415.347;2.7;31008.0;1.41;32.5524;416.1133;400.0;;36.4844;323.978;71.0;0.61;97.8;12388.0;98.5;48173.0;2.3621;956.0;100.1129;47951.0;13.496;28.0;1.8;219.0;259.0;10.6;55918.0;100.0;-99999999.0;871.2679;15605.0;12.8;31.1;43.0;11.0;26.91;41523.1;4.4322;-99999999.0;24548.0;12473.0
22;г. Санкт-Петербург;8.4;153.0;4.3;19291.2345;50215.5;12450.0;1184.461;3.1;63495.0;2.19;27.278;1198.0674;1471.0;;28.4982;290.2043;78.0;5.646;97.8;14476.0;100.6;76642.0;3.6062;1395.0;100.1058;76640.0;97.25;153.0;3.8;309.0;347.0;11.1;76589.0;87.0;-99999999.0;1357.2442;18416.0;4.5;29.4;37.0;-88888888.0;57.976;86629.8;4.8656;-99999999.0;48134.0;14228.0
23;Волгоградская область;9.3;64.0;22.0;3455.1903;26263.8;10319.0;423.674;0.4;31309.0;1.58;25.9596;1059.579;719.0;;41.7184;427.8181;78.0;0.955;99.2;11970.0;101.1;39038.0;2.1183;1232.0;100.5066;38644.0;24.735;50.0;1.3;208.0;321.0;11.7;47292.0;118.0;-99999999.0;679.6087;15974.0;9.6;22.3;33.0;14.0;55.573;44241.5;3.6359;-99999999.0;26225.0;11670.0
24;Рязанская область;11.5;39.0;10.0;2499.7428;27604.4;10663.0;301.426;-1.9;33379.0;1.37;35.4417;317.6524;363.0;;49.0411;399.6453;67.0;0.537;97.9;12388.0;96.2;45205.0;2.6804;1205.0;98.7617;44711.0;13.252;25.0;1.7;238.0;318.0;12.6;66782.0;119.0;-99999999.0;691.088;16183.0;11.8;23.5;38.0;13.0;16.962;45769.7;3.9465;-99999999.0;27306.0;12988.0
25;Свердловская область;9.4;123.0;14.3;9688.6625;35393.6;11612.0;901.262;0.9;46187.0;1.55;29.0109;1832.7188;1304.0;;38.0057;441.9768;76.0;2.368;99.1;13501.0;100.5;62233.0;3.0418;1526.0;100.3399;62028.0;62.753;100.0;1.7;239.0;313.0;16.0;65646.0;124.0;-99999999.0;895.8422;17556.0;8.3;24.6;35.0;23.0;77.827;55307.6;3.6312;-99999999.0;37378.0;12890.0
26;Пермский край;10.9;69.0;8.2;3830.6595;29347.6;11013.0;440.553;0.8;37253.0;1.5;27.3576;457.5044;767.0;;37.8624;357.3673;67.0;2.76;98.4;12806.0;97.1;50169.0;3.8745;1416.0;100.2431;49660.0;44.191;52.0;1.3;244.0;259.0;12.0;66553.0;111.0;-99999999.0;724.593;16991.0;11.5;28.7;31.0;17.0;17.53;53234.1;5.7945;-99999999.0;30768.0;13093.0
27;Тюменская область;9.5;97.0;1.4;9622.4265;43583.8;-99999999.0;731.614;9.3;59348.0;2.2;25.2393;1263.4142;1000.0;;35.8904;361.2029;60.0;5.532;101.4;-99999999.0;102.9;126936.0;4.6838;1923.0;103.7594;126908.0;75.376;79.0;1.8;177.0;280.0;11.1;117429.0;119.0;-99999999.0;1096.0272;21754.0;10.7;26.6;37.0;19.0;39.718;94961.9;7.5551;-99999999.0;39193.0;-99999999.0
28;Вологодская область;9.0;37.0;3.3;4750.61;29350.0;12091.0;375.744;4.5;35444.0;1.44;33.0683;645.4119;359.0;;35.1268;357.4393;81.0;0.914;98.0;14059.0;95.8;55335.0;4.2954;1721.0;102.5549;55143.0;23.122;24.0;1.6;254.0;304.0;13.3;69890.0;107.0;-99999999.0;1053.6008;17618.0;11.0;25.7;42.0;13.0;22.821;53580.1;3.787;-99999999.0;27089.0;13839.0
29;Владимирская область;10.4;42.0;2.2;2687.3083;27587.1;11612.0;307.753;-0.1;32321.0;1.5;31.9326;811.0371;434.0;;39.5895;315.6121;63.0;0.876;97.9;13501.0;98.2;54823.0;1.5926;1536.0;100.0461;54814.0;10.351;31.0;1.3;216.0;280.0;10.5;55578.0;110.0;-99999999.0;727.6691;16717.0;10.4;26.3;32.0;12.0;34.81;45676.7;7.9905;-99999999.0;26020.0;13168.0
30;Новосибирская область;7.9;78.0;3.5;6531.0048;31971.1;12086.0;750.737;-7.0;39845.0;1.62;27.9605;355.1207;808.0;;34.3954;351.6802;76.0;1.061;97.0;14053.0;99.7;49034.0;2.4192;1110.0;102.2836;48591.0;31.966;63.0;2.0;288.0;320.0;10.6;64009.0;124.0;-99999999.0;724.9548;16572.0;11.3;22.9;37.0;16.0;20.881;53756.8;3.2034;-99999999.0;32658.0;14157.0
31;Чеченская Республика;9.2;32.0;30.8;4174.8963;24021.8;11492.0;247.75;20.7;30341.0;1.34;20.7575;463.159;425.0;;46.7951;200.3634;68.0;1.003;99.9;13363.0;102.3;33542.0;13.9433;2439.0;94.8212;33456.0;44.721;15.0;0.4;235.0;230.0;11.4;34018.0;136.0;-99999999.0;1404.2705;14564.0;19.4;19.7;43.0;17.0;9.06;33699.9;2.171;-99999999.0;22124.0;13344.0
32;Краснодарский край;8.9;176.0;29.7;6704.0953;37188.6;11492.0;1110.815;-2.1;48279.0;1.69;30.2744;774.102;1618.0;;32.2944;305.2209;91.0;1.689;98.0;13363.0;101.0;57693.0;2.8435;1339.0;102.0002;56883.0;70.024;110.0;1.5;243.0;345.0;19.2;69236.0;133.0;-99999999.0;502.9412;15694.0;9.0;27.4;52.0;66.0;31.375;50251.9;2.3194;-99999999.0;45331.0;13487.0
33;Калужская область;9.0;33.0;6.0;1667.2698;31476.3;11492.0;218.803;-0.7;35509.0;1.65;31.0873;177.2271;306.0;;40.6259;296.6056;81.0;0.428;97.6;13363.0;92.2;49712.0;4.0112;1241.0;94.4447;49270.0;20.086;22.0;1.4;253.0;241.0;11.4;68016.0;107.0;-99999999.0;634.9965;16721.0;7.9;22.2;27.0;11.0;9.846;53909.9;2.0543;-99999999.0;28327.0;13530.0
34;Томская область;10.1;28.0;1.5;2288.9879;28578.5;12044.0;189.268;-2.1;34766.0;1.72;26.8838;770.9894;290.0;;34.9697;316.9994;71.0;0.56;99.1;14004.0;97.0;55643.0;3.2905;1572.0;99.5087;55192.0;16.245;20.0;1.5;256.0;256.0;14.3;70162.0;121.0;-99999999.0;1007.8248;18366.0;12.7;29.0;39.0;9.0;28.645;57879.0;3.2424;-99999999.0;27218.0;14126.0
35;Республика Карелия;10.7;17.0;1.4;2695.037;33367.9;14680.0;205.415;1.7;44880.0;1.17;33.1355;230.4415;227.0;;37.5738;455.4084;71.0;0.512;97.8;16614.0;96.8;62104.0;6.4816;1880.0;99.3429;61570.0;16.469;14.0;1.2;223.0;239.0;11.5;73910.0;120.0;-99999999.0;1093.3302;20754.0;12.9;28.6;40.0;4.0;7.492;56458.4;3.0966;-99999999.0;36607.0;17215.0
36;Республика Мордовия;9.4;23.0;1.7;1165.6131;21204.9;10329.0;164.27;2.1;25504.0;1.59;30.0155;98.3461;244.0;;40.955;337.6421;82.0;0.41;99.4;11832.0;99.1;36178.0;5.2842;1436.0;101.7667;36179.0;18.359;14.0;1.5;260.0;281.0;10.9;36044.0;117.0;-99999999.0;591.3096;15441.0;15.0;23.1;47.0;9.0;4.422;39537.9;2.0643;-99999999.0;20288.0;11033.0
37;Ямало-Ненецкий автономный округ;9.8;11.0;0.5;1976.0399;76957.8;17056.0;130.75;33.1;116639.0;2.9;22.1569;158.1494;142.0;;35.9405;352.4036;;2.385;100.1;19832.0;101.8;200629.0;9.4765;2782.0;102.5025;200623.0;20.086;10.0;1.7;;;;-88888888.0;;-99999999.0;1259.4263;24376.0;4.5;27.2;;1.0;3.171;131515.7;14.5356;-99999999.0;47006.0;19079.0
38;Республика Адыгея;8.6;13.0;44.0;401.3406;29281.9;10295.0;77.36;8.2;36397.0;1.27;26.414;12.7093;121.0;;37.8964;412.4462;70.0;0.262;97.5;11970.0;97.0;44999.0;3.1546;1056.0;97.2405;44800.0;6.368;7.0;1.1;212.0;263.0;11.8;51741.0;119.0;-99999999.0;432.33;14777.0;11.6;22.8;46.0;6.0;0.585;40230.6;3.9;-99999999.0;30511.0;11973.0
39;Курская область;6.6;35.0;14.7;2437.349;30339.6;10461.0;408.323;7.0;37632.0;1.37;33.1251;130.0592;375.0;;39.1339;329.549;91.0;0.727;97.4;12110.0;97.9;40256.0;3.1858;665.0;98.9136;39916.0;15.582;22.0;1.2;195.0;222.0;12.4;50631.0;142.0;-99999999.0;497.4308;15522.0;8.1;16.9;54.0;13.0;7.934;46059.2;4.4752;-99999999.0;28917.0;12246.0
40;г. Севастополь;6.7;13.0;24.9;350.0616;30844.3;11970.0;233.514;4.6;35164.0;2.05;22.529;6.1407;113.0;;34.0684;261.8844;62.0;0.114;95.8;13919.0;99.5;58628.0;2.1702;1055.0;93.7746;58779.0;5.602;13.0;0.7;140.0;223.0;9.4;55174.0;94.0;-99999999.0;124.9253;16173.0;9.0;19.7;28.0;-88888888.0;0.352;43112.3;2.0372;-99999999.0;30093.0;13855.0
41;г. Москва;10.8;286.0;5.1;40681.1484;73458.6;15410.0;3233.373;3.6;95465.0;2.79;21.8334;19366.9851;3024.0;;35.4271;282.272;82.0;2.767;100.9;20585.0;98.3;169911.0;0.5808;2719.0;98.6651;169715.0;36.135;286.0;4.8;233.0;222.0;16.9;204653.0;87.0;-99999999.0;1048.4703;18239.0;5.0;30.5;42.0;-88888888.0;538.869;125637.6;6.5258;-99999999.0;65722.0;20917.0
42;Курганская область;7.8;22.0;2.4;1322.8519;22574.1;11253.0;176.455;4.2;28401.0;1.11;29.3238;254.17;278.0;;42.9318;427.4028;66.0;0.61;97.4;13085.0;98.9;34877.0;4.5005;1677.0;101.0737;34629.0;16.851;14.0;1.0;237.0;267.0;11.3;44655.0;110.0;-99999999.0;624.7352;15774.0;17.0;18.3;35.0;9.0;11.179;41791.7;3.4426;-99999999.0;22282.0;12589.0
43;Ярославская область;11.0;38.0;5.9;2557.5085;30524.1;11253.0;255.866;0.6;38060.0;1.56;31.4481;353.5572;388.0;;37.6207;308.0424;81.0;0.541;96.2;13085.0;97.2;43818.0;2.2329;1276.0;100.0908;43679.0;13.092;27.0;1.5;227.0;383.0;14.5;53913.0;95.0;-99999999.0;832.9583;16972.0;8.8;29.2;50.0;10.0;16.555;47388.3;3.8884;-99999999.0;30810.0;12891.0
44;Алтайский край;8.8;59.0;10.8;4509.5976;24037.0;11436.0;437.123;4.6;31145.0;1.5;27.9012;1660.3952;721.0;;38.6802;364.1709;65.0;1.242;96.7;12388.0;97.6;40156.0;3.0338;1660.0;100.7035;40032.0;30.265;32.0;1.3;257.0;318.0;12.6;54648.0;145.0;-99999999.0;859.7118;15521.0;15.4;22.7;38.0;27.0;65.699;39270.4;3.8245;-99999999.0;25062.0;12462.0
45;Саратовская область;9.7;75.0;14.6;3516.0011;23922.4;10055.0;455.849;0.5;28797.0;1.51;31.3781;439.3502;704.0;;40.8745;331.3878;61.0;1.607;98.4;11692.0;98.3;50013.0;2.5713;663.0;101.0283;49509.0;29.38;55.0;1.2;234.0;320.0;21.0;57692.0;104.0;-99999999.0;642.7569;15495.0;13.2;23.7;27.0;20.0;35.811;42916.6;5.1281;-99999999.0;23963.0;11503.0
46;Хабаровский край;10.3;33.0;5.0;3359.7969;40196.9;15960.0;263.088;0.2;49523.0;1.87;25.5397;592.7215;360.0;;32.1726;308.2159;72.0;1.08;100.0;18558.0;99.6;72674.0;2.6769;1494.0;100.293;72763.0;17.04;27.0;1.6;208.0;300.0;11.3;62613.0;108.0;-99999999.0;1064.2183;19383.0;10.5;32.1;29.0;6.0;22.517;65896.6;6.3645;-99999999.0;42352.0;18055.0
47;Республика Башкортостан;7.0;117.0;23.6;4005.9615;28468.7;11474.0;561.547;0.7;35269.0;1.47;28.76;1531.9745;1149.0;;29.6888;392.0782;81.0;2.284;98.3;12110.0;96.2;58433.0;2.4572;1710.0;100.7861;57843.0;43.208;66.0;1.5;299.0;310.0;14.9;80735.0;116.0;-99999999.0;594.483;16399.0;10.1;23.6;37.0;52.0;51.214;49459.7;4.7559;-99999999.0;30479.0;11838.0
48;Воронежская область;10.9;77.0;24.7;3132.6505;30806.9;10776.0;445.309;0.4;39319.0;1.59;33.5493;1521.6189;716.0;;39.9517;362.4284;99.0;0.867;97.9;11832.0;97.8;61144.0;3.9071;1520.0;99.2826;60545.0;42.788;50.0;1.6;293.0;349.0;17.8;67694.0;132.0;-99999999.0;586.2316;15732.0;7.2;27.2;52.0;27.0;63.297;46276.7;1.9886;-99999999.0;33735.0;10951.0
49;Ленинградская область;10.9;61.0;12.0;3328.1376;33571.5;12091.0;333.277;1.2;38963.0;1.81;30.0896;132.7644;484.0;;43.1924;298.8279;82.0;0.798;99.0;14059.0;99.8;74653.0;1.1305;1173.0;101.4012;74365.0;11.171;40.0;1.6;280.0;317.0;10.1;88663.0;110.0;-99999999.0;832.175;17381.0;7.0;25.3;40.0;21.0;6.969;60007.5;6.5249;-99999999.0;32789.0;13296.0
50;Челябинская область;9.7;98.0;2.1;8446.9744;27417.9;11245.0;738.697;-0.8;33071.0;1.69;28.6528;2290.6823;1021.0;;34.8272;373.5239;71.0;1.921;99.6;13076.0;100.2;51590.0;1.7431;1291.0;102.7406;51053.0;29.074;79.0;1.6;193.0;279.0;11.5;63975.0;109.0;-99999999.0;952.9138;16686.0;11.3;28.0;34.0;19.0;122.207;50104.4;6.4297;-99999999.0;27029.0;13041.0
51;Тверская область;9.2;43.0;16.6;3533.2191;29379.3;11492.0;359.911;1.4;35203.0;1.46;35.5616;635.0755;399.0;;44.6894;407.6337;81.0;0.769;97.9;13363.0;98.5;51282.0;2.7226;1226.0;98.9448;50053.0;16.377;29.0;1.6;180.0;296.0;11.3;89000.0;123.0;-99999999.0;818.077;16503.0;9.6;20.6;44.0;15.0;32.578;45732.2;4.443;-99999999.0;28470.0;13503.0
52;Астраханская область;7.3;25.0;16.3;2012.9396;25038.0;11612.0;201.591;-1.1;31119.0;1.88;26.3288;361.862;253.0;;32.2703;300.3681;82.0;0.988;98.4;13501.0;97.8;48439.0;3.6107;1504.0;99.697;48289.0;15.134;17.0;1.3;200.0;254.0;12.2;56817.0;134.0;-99999999.0;832.1054;14966.0;13.8;22.6;44.0;8.0;13.802;47779.9;5.8361;-99999999.0;26164.0;12907.0
53;Ивановская область;10.2;28.0;16.6;2062.7632;26967.9;11013.0;219.057;-0.2;34275.0;1.48;30.8744;700.346;305.0;;42.0051;347.1798;65.0;0.401;97.5;12806.0;96.5;44463.0;2.4858;1714.0;96.7876;44328.0;11.15;22.0;1.3;195.0;284.0;12.9;51201.0;111.0;-99999999.0;784.7133;16133.0;11.5;24.3;34.0;6.0;24.621;36379.9;3.504;-99999999.0;28872.0;13020.0
54;Смоленская область;12.0;29.0;14.4;1541.6819;27356.7;11492.0;172.85;6.2;35094.0;1.48;32.653;578.9399;287.0;;51.0314;263.8994;69.0;0.524;98.4;13363.0;97.0;31864.0;1.7597;2275.0;100.8415;31800.0;7.706;19.0;1.6;220.0;244.0;11.9;34435.0;120.0;-99999999.0;743.2658;15933.0;12.8;23.5;38.0;9.0;15.397;41716.5;6.0292;-99999999.0;27256.0;12798.0
55;Омская область;10.5;50.0;8.6;3895.0763;27352.9;10694.0;400.081;2.1;34747.0;1.53;27.545;168.5608;570.0;;37.4266;275.6623;76.0;1.223;96.9;12436.0;98.9;50617.0;4.2965;1433.0;99.9952;50178.0;35.989;37.0;1.4;261.0;261.0;13.0;70988.0;118.0;-99999999.0;811.3099;15887.0;12.0;28.1;37.0;14.0;7.104;46952.3;3.2684;-99999999.0;28006.0;12451.0
56;Республика Калмыкия;7.4;7.0;1.0;525.0317;20097.0;11132.0;75.163;13.3;23684.0;1.51;26.9589;24.5481;75.0;;34.3829;336.29;115.0;0.149;94.8;12945.0;96.2;32412.0;9.674;1152.0;96.4993;32200.0;9.332;4.0;0.6;221.0;225.0;11.3;41527.0;123.0;-99999999.0;582.1035;14118.0;20.9;21.5;25.0;3.0;1.093;36349.2;1.5192;-99999999.0;15205.0;12715.0
57;Чувашская Республика;10.0;36.0;2.0;1534.1852;22320.9;10175.0;259.501;-1.7;27213.0;1.39;30.9412;154.049;358.0;;41.7072;246.5885;71.0;1.151;98.8;11832.0;98.3;34999.0;11.071;1108.0;101.18;34913.0;57.311;20.0;1.5;280.0;255.0;10.8;48642.0;119.0;-99999999.0;492.6716;15758.0;14.8;24.1;28.0;16.0;6.691;41527.0;1.8842;-99999999.0;21891.0;11800.0
58;Карачаево-Черкесская Республика;9.1;11.0;14.9;1028.4426;19060.4;10893.0;113.328;23.3;22258.0;1.47;23.2009;70.4575;122.0;;37.7124;206.6992;54.0;0.086;98.7;12667.0;96.4;32740.0;4.6776;1794.0;94.8976;32559.0;6.882;5.0;1.8;240.0;225.0;10.9;36877.0;128.0;-99999999.0;756.2434;13980.0;22.0;24.3;33.0;5.0;1.935;35462.5;1.1412;-99999999.0;14643.0;12212.0
59;Республика Алтай;7.5;5.0;0.5;554.4876;21882.7;11253.0;69.232;1.3;27940.0;1.4;24.3012;77.2771;59.0;;32.6475;245.4156;101.0;0.361;97.5;13085.0;96.7;47573.0;15.6557;1651.0;95.4229;47395.0;12.49;2.0;1.0;275.0;190.0;9.5;53073.0;111.0;-99999999.0;667.4269;14723.0;20.0;22.9;32.0;3.0;3.217;43974.0;2.8285;-99999999.0;23272.0;12935.0
60;Чукотский автономный округ;13.3;1.0;0.2;115.2025;82049.7;27293.0;9.278;48.1;114456.0;2.28;25.2019;34.4355;15.0;;47.1414;117.2659;46.0;0.16;101.0;31736.0;104.5;160118.0;7.0042;2694.0;102.0149;161522.0;1.479;1.0;1.6;106.0;194.0;14.6;116350.0;58.0;-99999999.0;1034.7282;27843.0;6.6;28.2;27.0;0.3;0.627;140601.5;9.9441;-99999999.0;39428.0;26152.0
61;Удмуртская Республика;9.5;37.0;0.5;3825.4312;26231.8;10654.0;365.7;2.4;31941.0;1.54;25.5033;469.62;446.0;;35.9284;306.7566;72.0;0.566;98.6;12388.0;97.4;39166.0;2.1783;2004.0;100.1308;39122.0;13.698;23.0;1.5;286.0;299.0;11.0;42780.0;117.0;-99999999.0;871.7143;16738.0;10.2;26.5;32.0;14.0;15.587;45811.4;3.4984;-99999999.0;25642.0;12434.0
62;Мурманская область;10.5;19.0;0.9;2683.3032;48438.3;19135.0;155.816;3.0;62601.0;1.48;28.873;1710.1814;232.0;;35.0948;409.9603;78.0;1.423;99.7;22250.0;96.8;96306.0;3.6176;2601.0;99.3739;96077.0;11.542;18.0;1.5;237.0;204.0;13.1;95159.0;81.0;-99999999.0;1435.0811;22596.0;8.0;29.8;33.0;1.0;47.833;87326.2;12.151;-99999999.0;45567.0;21285.0
63;Ставропольский край;9.7;74.0;12.3;8356.9549;23985.9;10775.0;577.067;-6.9;27626.0;1.81;25.4807;1166.7194;717.0;;34.8584;259.5666;80.0;1.649;97.9;12528.0;97.0;47390.0;3.111;1928.0;97.9454;47194.0;35.617;48.0;1.6;203.0;296.0;18.8;50207.0;130.0;-99999999.0;1206.8146;15118.0;11.7;27.8;47.0;26.0;39.785;41401.8;4.4232;-99999999.0;25153.0;11643.0
64;Еврейская автономная область;9.8;4.0;1.1;404.5153;29531.1;16133.0;33.926;5.0;35493.0;1.47;25.7103;101.3546;43.0;;38.425;293.7786;55.0;0.184;98.0;18758.0;98.2;63062.0;4.0222;1443.0;99.6026;62981.0;2.777;3.0;0.8;190.0;202.0;14.8;61047.0;109.0;-99999999.0;993.6217;16401.0;20.0;25.4;36.0;1.0;4.478;56956.8;6.2246;-99999999.0;27496.0;18462.0
65;Сахалинская область;9.4;15.0;0.7;1770.7157;54641.0;16280.0;94.427;8.5;73820.0;1.74;31.6135;328.0741;158.0;;33.6075;355.4279;92.0;1.462;100.8;18930.0;98.2;132295.0;7.241;1725.0;96.8246;132064.0;16.304;11.0;1.1;154.0;298.0;11.0;154232.0;98.0;-99999999.0;1562.6848;22148.0;7.0;27.9;31.0;3.0;13.041;102683.8;8.4857;-99999999.0;54031.0;18740.0
66;Ханты-Мансийский автономный округ – Югра;9.7;37.0;0.9;4465.3272;49887.8;16067.0;356.13;12.0;63454.0;2.34;21.5983;686.5061;453.0;;32.21;378.7221;;1.952;101.9;18625.0;104.2;118538.0;3.6915;2252.0;105.1758;117675.0;26.102;34.0;1.6;;;;141833.0;;-99999999.0;1044.8729;24696.0;7.2;30.0;;3.0;15.329;97562.0;7.0576;-99999999.0;39700.0;17875.0
67;Липецкая область;8.8;40.0;16.7;1777.3847;31756.8;10109.0;295.843;3.6;38926.0;1.49;35.3333;207.7915;370.0;;37.5128;389.6763;79.0;0.494;97.6;11553.0;97.3;46381.0;3.4868;986.0;101.3907;46196.0;17.793;24.0;1.9;223.0;311.0;14.0;50773.0;142.0;-99999999.0;500.6554;16136.0;7.2;23.3;51.0;16.0;11.007;46711.4;2.7943;-99999999.0;32431.0;11906.0
68;Магаданская область;13.7;4.0;0.5;422.9874;70976.5;20829.0;20.078;23.2;94060.0;2.08;30.3488;38.6208;42.0;;40.0012;391.0137;83.0;0.299;97.1;24220.0;100.9;128408.0;5.3302;2283.0;95.7726;127788.0;3.731;4.0;1.1;261.0;269.0;14.1;145235.0;116.0;-99999999.0;1755.6007;24845.0;7.4;34.2;37.0;0.3;0.87;121461.8;7.3105;-99999999.0;45948.0;24581.0
69;Республика Татарстан;8.9;115.0;26.3;4467.5318;36280.5;10175.0;706.628;1.2;44932.0;1.8;28.763;1093.445;1110.0;;35.5161;282.3143;83.0;3.87;98.9;11832.0;102.1;50714.0;3.4302;980.0;100.0747;49740.0;58.972;82.0;2.2;362.0;313.0;17.9;54781.0;121.0;-99999999.0;526.8604;16595.0;5.0;24.9;42.0;33.0;68.728;52274.1;6.2881;-99999999.0;35993.0;11532.0
70;Псковская область;11.1;22.0;10.1;694.4662;26488.6;11850.0;83.965;-5.9;33090.0;1.4;36.8087;84.0662;198.0;;44.5387;398.2963;106.0;0.327;99.2;13780.0;95.4;35835.0;4.1707;1156.0;97.0138;35598.0;12.183;13.0;1.1;292.0;216.0;10.8;44957.0;96.0;-99999999.0;689.2417;16099.0;14.3;25.0;37.0;8.0;5.037;38966.0;2.6108;-99999999.0;29269.0;13599.0
71;Республика Тыва;6.1;5.0;0.2;337.7776;18691.1;12091.0;67.855;28.0;23049.0;1.35;14.8125;152.6759;82.0;;26.8469;167.3521;66.0;0.739;98.1;14059.0;101.6;51413.0;9.3469;1113.0;100.6849;51462.0;9.588;3.0;0.5;184.0;119.0;10.4;56086.0;128.0;-99999999.0;414.8277;15687.0;27.2;22.9;25.0;2.0;11.262;51781.7;7.5301;-99999999.0;14320.0;12495.0
72;Республика Северная Осетия – Алания;7.6;21.0;20.1;697.6367;23920.4;10775.0;89.146;5.4;29235.0;1.39;30.7609;82.8133;193.0;;34.62;323.2621;66.0;0.4;97.0;12528.0;98.5;33452.0;4.0819;2385.0;97.1645;33029.0;9.865;15.0;0.9;216.0;252.0;11.3;42701.0;103.0;-99999999.0;652.1481;14736.0;13.0;21.8;45.0;6.0;1.933;36359.9;3.6826;-99999999.0;23959.0;11794.0
73;Кировская область;8.9;36.0;5.7;2698.1028;25254.9;10725.0;291.574;-2.6;32149.0;1.35;31.196;448.1268;414.0;;35.7772;310.4027;76.0;1.011;97.9;12388.0;96.8;36581.0;3.9579;1301.0;98.5421;36273.0;22.028;26.0;1.3;283.0;317.0;12.2;63308.0;121.0;-99999999.0;771.1315;16773.0;12.5;24.8;37.0;10.0;19.838;40833.2;4.435;-99999999.0;26548.0;12934.0
74;Республика Коми;11.4;24.0;0.5;2658.6302;34633.8;14674.0;224.081;11.5;46638.0;1.31;32.6774;658.6193;283.0;;36.9035;346.3068;82.0;0.653;99.0;16905.0;95.1;72033.0;4.2239;2697.0;99.948;71986.0;14.355;17.0;3.2;254.0;286.0;10.4;-88888888.0;100.0;-99999999.0;988.7162;21302.0;14.0;30.9;34.0;6.0;16.654;68790.1;4.3528;-99999999.0;32321.0;17272.0
75;Тульская область;10.7;47.0;3.1;2582.6789;29584.2;11732.0;272.65;-1.3;34442.0;1.42;31.6861;116.6796;509.0;;41.4673;372.3711;70.0;0.643;98.2;13641.0;98.8;55483.0;3.6475;1518.0;102.5301;54862.0;27.472;34.0;1.4;137.0;355.0;19.1;76490.0;101.0;-99999999.0;789.3755;16655.0;9.4;25.9;32.0;13.0;4.634;51217.8;2.258;-99999999.0;28397.0;12987.0
76;Самарская область;10.4;92.0;12.0;5199.5234;29985.1;11253.0;517.022;1.3;37055.0;1.73;29.3115;720.9391;937.0;;37.5324;319.4315;69.0;2.569;98.4;13085.0;99.7;50547.0;2.7777;1781.0;100.088;50176.0;42.317;71.0;1.8;246.0;292.0;14.1;60367.0;108.0;-99999999.0;838.0564;16737.0;10.9;27.6;38.0;21.0;24.678;48874.0;5.7132;-99999999.0;30264.0;13192.0
77;Амурская область;10.0;21.0;0.7;2207.8034;34565.7;13910.0;148.041;3.5;44900.0;1.77;27.3922;741.9436;218.0;;35.9632;312.4446;67.0;1.032;100.1;16174.0;98.9;65759.0;3.5294;2474.0;99.5082;65376.0;12.485;14.0;1.1;204.0;330.0;15.1;70898.0;133.0;-99999999.0;1242.7883;17029.0;13.3;27.7;39.0;6.0;21.015;65863.9;7.9759;-99999999.0;35974.0;15745.0
78;Архангельская область без автономного округа;8.8;32.0;0.9;3752.755;34653.5;13886.0;339.106;0.1;45975.0;1.23;33.6189;313.3872;391.0;;32.7115;341.4162;;0.752;97.8;16147.0;95.1;57547.0;8.0341;1402.0;96.4877;57065.0;36.65;22.0;1.3;;;;76335.0;;-99999999.0;922.2178;21088.0;10.9;27.0;;10.0;14.798;64416.6;1.8904;-99999999.0;38454.0;16246.0
79;Тюменская область без автономных округов;9.2;48.0;3.4;3181.0594;29966.2;11970.0;244.734;-20.1;36682.0;1.78;30.138;418.7587;405.0;;44.4433;345.1595;;1.195;101.1;13919.0;101.6;67089.0;4.2285;1418.0;101.5551;66373.0;29.188;34.0;2.2;;;;82683.0;;-99999999.0;1083.169;17548.0;12.3;20.7;;14.0;21.218;61900.6;4.0986;-99999999.0;36159.0;13525.0
80;Республика Хакасия;6.5;15.0;1.9;807.2825;24716.9;12210.0;149.537;-6.4;28963.0;1.57;27.5085;89.478;149.0;;27.0475;442.017;70.0;0.304;96.6;14198.0;95.9;55283.0;3.1865;1333.0;98.1103;55309.0;7.422;11.0;1.9;254.0;257.0;11.7;61143.0;125.0;-99999999.0;449.8789;16630.0;18.0;24.1;33.0;4.0;3.785;54522.3;4.359;-99999999.0;24919.0;14549.0
81;Калининградская область;8.6;33.0;2.1;1175.579;29129.9;12330.0;156.251;-9.3;34506.0;1.84;32.1669;347.1201;275.0;;36.9535;370.2975;95.0;0.446;98.2;14337.0;95.1;66450.0;4.7234;1456.0;99.727;65923.0;21.571;25.0;1.3;238.0;284.0;14.1;80487.0;108.0;-99999999.0;626.9715;16088.0;12.0;23.3;46.0;8.0;15.848;47348.6;2.0419;-99999999.0;30826.0;14600.0
82;Пензенская область;9.7;42.0;3.0;1689.5567;24541.3;10319.0;237.383;-2.7;30111.0;1.34;33.6242;251.9016;422.0;;36.2407;336.9003;81.0;0.705;98.8;11692.0;97.4;41838.0;1.735;1002.0;100.2033;40908.0;9.996;28.0;1.3;215.0;229.0;11.0;54156.0;99.0;-99999999.0;593.1191;15569.0;11.5;26.7;36.0;14.0;16.114;41307.2;6.6667;-99999999.0;25816.0;11612.0
83;Красноярский край;11.8;77.0;0.6;9012.9785;32892.7;13288.0;730.157;4.5;41782.0;1.69;26.9194;1765.8072;819.0;;39.6221;304.9841;85.0;2.203;97.8;15451.0;101.3;79032.0;2.5531;2050.0;103.6242;78146.0;34.053;59.0;2.1;236.0;260.0;10.9;104721.0;109.0;-99999999.0;1028.6576;18023.0;14.4;29.8;29.0;17.0;60.145;71728.2;6.25;-99999999.0;31564.0;15717.0
84;Орловская область;9.9;22.0;4.2;1472.9334;27467.4;11132.0;188.073;5.2;34138.0;1.16;31.7903;106.7327;258.0;;39.2062;350.3219;84.0;0.301;97.7;12945.0;97.6;42286.0;1.9767;1682.0;99.4836;41783.0;6.489;15.0;1.1;199.0;265.0;11.3;59526.0;114.0;-99999999.0;652.6426;16291.0;11.5;25.2;38.0;7.0;4.288;40843.4;4.1426;-99999999.0;27748.0;12577.0
85;Республика Дагестан;6.2;70.0;53.7;1827.263;26774.7;10893.0;373.927;5.7;33343.0;1.7;21.9011;169.3246;674.0;;38.626;207.3238;49.0;0.928;95.2;12667.0;97.5;30208.0;7.6036;1548.0;95.8176;30073.0;63.648;33.0;0.9;280.0;177.0;10.8;36008.0;118.0;-99999999.0;407.2236;12628.0;14.2;16.0;37.0;37.0;6.307;35082.3;1.4797;-99999999.0;29242.0;12948.0
86;Кабардино-Балкарская Республика;9.2;20.0;35.5;1185.714;25415.9;12808.0;141.676;-0.4;30173.0;1.93;21.7232;82.9736;196.0;;43.2147;275.3397;71.0;0.144;97.6;14894.0;107.2;36585.0;3.0565;1610.0;98.6036;36398.0;7.836;11.0;0.9;298.0;282.0;13.7;36897.0;97.0;-99999999.0;697.4329;12981.0;16.4;21.3;46.0;8.0;1.978;35250.8;1.592;-99999999.0;27903.0;13482.0
