regions;Возрастной состав населения: Население старше трудоспособного возраста, оценка на конец года, в процентах от общей численности населения;Смертность населения в трудоспособном возрасте, число умерших на 100 000 человек соответствующего возраста;Численность беженцев, на конец года, человек;Общие коэффициенты рождаемости, число родившихся на 1000 человек населения;Численность населения, оценка на конец года, тысяч человек;Возрастной состав населения: Население в трудоспособном возрасте, оценка на конец года, в процентах от общей численности населения;Соотношение мужчин и женщин, оценка на конец года, на 1000 мужчин приходится женщин;Коэффициенты младенческой смертности, число детей, умерших в возрасте до 1 года, на 1000 родившихся живыми;Ожидаемая продолжительность жизни при рождении: Женщины, число лет;Численность вынужденных переселенцев, на конец года, человек;Коэффициенты демографической нагрузки: Всего, оценка на конец года, на 1000 человек трудоспособного возраста приходится лиц нетрудоспособных возрастов;Распределение числа прибывших по направлениям передвижения: В пределах региона, в процентах от общего числа прибывших;Численность лиц, получивших временное убежище, на конец года, человек;Ожидаемая продолжительность жизни при рождении: Мужчины, число лет;Общие коэффициенты смертности, число умерших на 1000 человек населения;Распределение числа выбывших по направлениям передвижения: В другие регионы россии, в процентах от общего числа выбывших;Коэффициенты демографической нагрузки: Моложе трудоспособного возраста, оценка на конец года, на 1000 человек трудоспособного возраста приходится лиц нетрудоспособных возрастов;Коэффициенты демографической нагрузки: Старше трудоспособного возраста, оценка на конец года, на 1000 человек трудоспособного возраста приходится лиц нетрудоспособных возрастов;Среднегодовая численность населения, оценка, тысяч человек;Ожидаемая продолжительность жизни при рождении: Все население, число лет;Распределение числа прибывших по направлениям передвижения: Из-за пределов россии, в процентах от общего числа прибывших;Темпы прироста численности населения, прирост за год, в процентах;Распределение числа прибывших по направлениям передвижения: Из других регионов, в процентах от общего числа прибывших;Суммарный коэффициент рождаемости, число детей на 1 женщину;Распределение числа выбывших по направлениям передвижения: За пределы россии, в процентах от общего числа выбывших;Возрастной состав населения: Население моложе трудоспособного возраста, оценка на конец года, в процентах от общей численности населения;Удельный вес городского населения в общей численности населения, оценка на конец года, в процентах;Распределение числа выбывших по направлениям передвижения: В пределах региона, в процентах от общего числа выбывших;Смертность населения (без показателя смертности от внешних причин), число умерших на 100 000 человек населения;Соотношение браков и разводов, на 1000 браков приходится разводов;Удельный вес сельского населения в общей численности населения, оценка на конец года, в процентах;Жилищные условия населения: Удельный вес расходов домашних хозяйств на оплату жилищно-коммунальных услуг: В процентах от общей суммы потребительских расходов, по данным Выборочного обследования бюджетов домашних хозяйств;Жилищные условия населения: Жилищный фонд: Всего, общая площадь жилых помещений, миллионов квадратных метров;Денежные доходы населения: Структура денежных доходов населения, в процентах от общего объема денежных доходов;Жилищные условия населения: Предоставление гражданам социальной поддержки (льгот) по оплате жилого помещения и коммунальных услуг: Объем средств, предусмотренных на предоставление гражданам социальной поддержки по оплате жилого помещения и коммунальных услуг, миллионов рублей;Денежные доходы населения: Медианный среднедушевой денежный доход населения, в месяц, рублей;Денежные доходы населения: Величина прожиточного минимума пенсионера в целях установления социальной доплаты к пенсии, рублей в месяц;Жилищные условия населения: Предоставление гражданам социальной поддержки (льгот) по оплате жилого помещения и коммунальных услуг: Численность граждан, пользующихся социальной поддержкой по оплате жилого помещения и коммунальных услуг, тысяч человек;Денежные доходы населения: Структура использования денежных доходов населения , в процентах от общего объема денежных доходов;Денежные доходы населения: Среднедушевые денежные доходы населения, в месяц, рублей;Денежные доходы населения: Численность занятых, приходящихся на одного пенсионера, в среднем за год, человек;Жилищные условия населения: Общая площадь жилых помещений, приходящаяся в среднем на одного жителя, на конец года, квадратных метров;Жилищные условия населения: Предоставление гражданам субсидий на оплату жилого помещения и коммунальных услуг: Общая сумма начисленных субсидий на оплату жилого помещения и коммунальных услуг, миллионов рублей;Денежные доходы населения: Численность пенсионеров: Всего, тысяч человек;Жилищные условия населения: Удельный вес расходов домашних хозяйств на оплату жилищно-коммунальных услуг: В процентах от общей суммы расходов на оплату услуг, по итогам выборочного обследования бюджетов домашних хозяйств;Денежные доходы населения: Число собственных легковых автомобилей на 1000 человек населения, на конец года, штук;Потребление продуктов питания: Потребление мяса и мясопродуктов (включая субпродукты ii категории и жир-сырец) на душу населения, в год, килограммов;Жилищные условия населения: Предоставление гражданам жилых помещений: Число семей, получивших жилые помещения и улучшивших жилищные условия за год, тысяч;Денежные доходы населения: Реальные денежные доходы: Реальный размер назначенных пенсий, в процентах к предыдущему году;Денежные доходы населения: Величина прожиточного минимума, установленная в целом по Российской Федерации и в субъектах Российской Федерации, на год, на душу населения, рублей в месяц;Денежные доходы населения: Реальные денежные доходы: Реальные доходы населения, в процентах к предыдущему году;Денежные доходы населения: Среднемесячная начисленная заработная плата муниципальных служащих органов местного самоуправления: Всего, рублей;Жилищные условия населения: Предоставление гражданам жилых помещений: Удельный вес семей, состоявших на учете в качестве нуждающихся в жилых помещениях, в общем числе семей, в процентах;Жилищные условия населения: Предоставление гражданам субсидий на оплату жилого помещения и коммунальных услуг: Среднемесячный размер субсидий на семью, на конец отчетного периода, рублей;Денежные доходы населения: Реальные денежные доходы: Реальная начисленная заработная плата работников организаций, в процентах к предыдущему году;Денежные доходы населения: Среднемесячная начисленная заработная плата муниципальных служащих органов местного самоуправления: В местных администрациях (исполнительно-распорядительных органах муниципальных образований), рублей;Жилищные условия населения: Предоставление гражданам жилых помещений: Число семей, состоявших на учете в качестве нуждающихся в жилых помещениях, на конец года, тысяч;Жилищные условия населения: Жилищный фонд: Городской жилищный фонд, общая площадь жилых помещений, миллионов квадратных метров;Денежные доходы населения: Структура социальных выплат, в процентах;Потребление продуктов питания: Потребление молока и молочных продуктов на душу населения, в год, килограммов;Потребление продуктов питания: Потребление яиц на душу населения, в год, штук;Потребление продуктов питания: Потребление растительного масла на душу населения, в год, килограммов;Денежные доходы населения: Среднемесячная начисленная заработная плата муниципальных служащих органов местного самоуправления: В представительных органах муниципальных образований, рублей;Потребление продуктов питания: Потребление хлебных продуктов на душу населения, в год, килограммов;Денежные доходы населения: Величина прожиточного минимума, установленная в целом по Российской Федерации и в субъектах Российской Федерации в iv квартале 2001-2020 гг., на душу населения, рублей в месяц;Жилищные условия населения: Предоставление гражданам социальной поддержки (льгот) по оплате жилого помещения и коммунальных услуг: Среднемесячный размер социальной поддержки на одного пользователя, рублей;Денежные доходы населения: Средний размер назначенных пенсий, на 1 января, рублей;Денежные доходы населения: Численность населения с денежными доходами ниже границы бедности/величины прожиточного минимума , в процентах от общей численности населения субъекта;Денежные доходы населения: Структура потребительских расходов домашних хозяйств*), по итогам выборочного обследования бюджетов домашних хозяйств, в процентах;Потребление продуктов питания: Потребление сахара на душу населения, в год, килограммов;Жилищные условия населения: Жилищный фонд: Сельский жилищный фонд, общая площадь жилых помещений, миллионов квадратных метров;Жилищные условия населения: Предоставление гражданам субсидий на оплату жилого помещения и коммунальных услуг: Число семей, получавших субсидии на оплату жилого помещения и коммунальных услуг, по состоянию на конец отчетного периода, тысяч;Денежные доходы населения: Среднемесячная номинальная начисленная заработная плата работников организаций, рублей;Жилищные условия населения: Предоставление гражданам жилых помещений: Удельный вес семей, получивших жилые помещения, в числе семей, состоявших на учете в качестве нуждающихся в жилых помещениях, в процентах;Денежные доходы населения: Медианная заработная плата работников организаций, без субъектов малого предпринимательства, по данным выборочных обследований, за апрель, рублей;Денежные доходы населения: Потребительские расходы в среднем на душу населения, в месяц, рублей;Денежные доходы населения: Граница бедности, рублей
Пензенская область;28.7;539.2;-88888888.0;6.7;1246.6;55.5;1194.0;4.3;77.82;-88888888.0;802.0;45.0;998.0;66.27;15.6;42.4;284.0;518.0;1253.9;72.07;16.6;-1.2;38.4;1.186;18.2;15.8;68.8;39.4;-88888888.0;692.2471;31.2;9.7;42.0;3.0;1689.5567;24541.3;10319.0;237.383;-2.7;30111.0;1.34;33.6242;251.9016;422.0;36.2407;336.9003;81.0;0.705;98.8;11692.0;97.4;41838.0;1.735;1002.0;100.2033;40908.0;9.996;28.0;1.3;215.0;229.0;11.0;54156.0;99.0;-99999999.0;593.1191;15569.0;11.5;26.7;36.0;14.0;16.114;41307.2;6.6667;-99999999.0;25816.0;11612.0
Ненецкий автономный округ;18.8;572.4;-88888888.0;11.6;41.4;58.7;1084.0;4.1;76.94;-88888888.0;704.0;45.9;2.0;64.81;10.7;40.1;383.0;321.0;41.4;70.74;14.4;-0.1;39.7;1.837;16.6;22.5;74.5;43.3;915.3;638.8889;25.5;11.5;1.0;0.5;138.3286;71497.5;22140.0;9.591;31.5;104109.0;2.27;28.0497;39.901;14.0;32.9157;229.0071;;0.095;102.2;25419.0;99.4;133063.0;31.3784;3335.0;99.0325;133743.0;5.377;1.0;0.8;;;;135199.0;;-99999999.0;1201.8959;25517.0;9.0;34.8;;0.3;0.616;106949.0;1.7019;-99999999.0;41089.0;25145.0
Ярославская область;27.0;570.9;-88888888.0;7.7;1194.6;55.3;1226.0;3.7;77.01;-88888888.0;809.0;47.4;393.0;65.77;16.2;42.3;320.0;489.0;1200.1;71.55;10.7;-0.9;41.9;1.311;11.6;17.7;81.0;46.1;-88888888.0;632.6295;19.0;11.0;38.0;5.9;2557.5085;30524.1;11253.0;255.866;0.6;38060.0;1.56;31.4481;353.5572;388.0;37.6207;308.0424;81.0;0.541;96.2;13085.0;97.2;43818.0;2.2329;1276.0;100.0908;43679.0;13.092;27.0;1.5;227.0;383.0;14.5;53913.0;95.0;-99999999.0;832.9583;16972.0;8.8;29.2;50.0;10.0;16.555;47388.3;3.8884;-99999999.0;30810.0;12891.0
Краснодарский край;24.6;460.6;-88888888.0;9.2;5819.3;56.4;1122.0;4.0;77.68;5.0;775.0;27.1;6296.0;68.22;13.5;53.4;338.0;437.0;5825.7;72.92;18.1;-0.2;54.8;1.521;17.3;19.0;57.1;29.3;-88888888.0;624.8443;42.9;8.9;176.0;29.7;6704.0953;37188.6;11492.0;1110.815;-2.1;48279.0;1.69;30.2744;774.102;1618.0;32.2944;305.2209;91.0;1.689;98.0;13363.0;101.0;57693.0;2.8435;1339.0;102.0002;56883.0;70.024;110.0;1.5;243.0;345.0;19.2;69236.0;133.0;-99999999.0;502.9412;15694.0;9.0;27.4;52.0;66.0;31.375;50251.9;2.3194;-99999999.0;45331.0;13487.0
Республика Крым;25.9;522.0;1.0;8.6;1916.8;55.4;1158.0;5.5;76.99;-88888888.0;806.0;37.2;4046.0;66.91;14.8;41.2;338.0;468.0;1924.0;71.97;25.0;-0.7;37.8;1.436;23.3;18.7;50.3;35.5;-88888888.0;557.365;49.7;9.4;40.0;14.8;1595.893;24681.1;11612.0;340.221;0.5;28699.0;1.5;20.9998;7.269;559.0;42.9011;223.2293;56.0;0.538;97.6;13501.0;96.2;40112.0;3.8772;541.0;96.0972;39870.0;32.235;19.0;0.7;152.0;237.0;11.6;48180.0;102.0;-99999999.0;390.8962;14912.0;14.5;22.0;38.0;21.0;0.545;41986.1;1.6244;-99999999.0;24649.0;13341.0
Калининградская область;24.2;442.5;-88888888.0;7.9;1032.3;58.1;1115.0;5.4;77.56;1.0;720.0;41.4;209.0;68.53;12.7;33.2;305.0;415.0;1031.7;73.07;20.5;0.1;38.1;1.257;19.0;17.7;76.6;47.8;-88888888.0;584.4424;23.4;8.6;33.0;2.1;1175.579;29129.9;12330.0;156.251;-9.3;34506.0;1.84;32.1669;347.1201;275.0;36.9535;370.2975;95.0;0.446;98.2;14337.0;95.1;66450.0;4.7234;1456.0;99.727;65923.0;21.571;25.0;1.3;238.0;284.0;14.1;80487.0;108.0;-99999999.0;626.9715;16088.0;12.0;23.3;46.0;8.0;15.848;47348.6;2.0419;-99999999.0;30826.0;14600.0
Республика Марий Эл;25.4;561.7;-88888888.0;8.4;672.3;55.1;1149.0;4.7;78.3;-88888888.0;816.0;52.5;18.0;65.72;12.8;37.2;355.0;461.0;674.3;71.9;11.1;-0.6;36.4;1.409;12.9;19.5;68.8;49.9;-88888888.0;745.587;31.2;10.3;20.0;3.6;1428.1421;21497.5;10535.0;184.037;-0.1;25696.0;1.31;29.4038;279.8061;205.0;39.0517;255.8287;99.0;0.599;99.6;12250.0;97.1;42406.0;4.0595;1480.0;100.3719;42542.0;11.802;13.0;1.2;254.0;269.0;13.6;34013.0;126.0;-99999999.0;646.6734;15206.0;16.2;26.4;33.0;7.0;12.119;40712.9;4.8082;-99999999.0;19832.0;11777.0
Республика Коми;23.7;673.5;-88888888.0;8.7;726.5;57.5;1161.0;4.0;75.48;-88888888.0;740.0;50.0;126.0;64.4;14.3;49.7;326.0;414.0;730.4;69.94;11.1;-1.1;38.9;1.544;6.8;18.8;77.7;43.5;-88888888.0;763.2216;22.3;11.4;24.0;0.5;2658.6302;34633.8;14674.0;224.081;11.5;46638.0;1.31;32.6774;658.6193;283.0;36.9035;346.3068;82.0;0.653;99.0;16905.0;95.1;72033.0;4.2239;2697.0;99.948;71986.0;14.355;17.0;3.2;254.0;286.0;10.4;-88888888.0;100.0;-99999999.0;988.7162;21302.0;14.0;30.9;34.0;6.0;16.654;68790.1;4.3528;-99999999.0;32321.0;17272.0
Удмуртская Республика;24.4;547.8;-88888888.0;8.8;1442.2;55.2;1185.0;3.2;78.63;-88888888.0;811.0;62.8;98.0;65.55;12.6;31.1;369.0;442.0;1445.6;72.13;9.3;-0.5;27.9;1.434;8.0;20.4;65.8;60.9;-88888888.0;718.7955;34.2;9.5;37.0;0.5;3825.4312;26231.8;10654.0;365.7;2.4;31941.0;1.54;25.5033;469.62;446.0;35.9284;306.7566;72.0;0.566;98.6;12388.0;97.4;39166.0;2.1783;2004.0;100.1308;39122.0;13.698;23.0;1.5;286.0;299.0;11.0;42780.0;117.0;-99999999.0;871.7143;16738.0;10.2;26.5;32.0;14.0;15.587;45811.4;3.4984;-99999999.0;25642.0;12434.0
Тюменская область;18.6;402.1;-88888888.0;11.3;3851.3;59.1;1110.0;3.5;79.26;1.0;692.0;34.9;940.0;69.59;8.1;46.0;377.0;315.0;3839.5;74.59;23.4;0.6;41.7;1.723;16.3;22.3;81.0;37.7;-88888888.0;663.6667;19.0;9.5;97.0;1.4;9622.4265;43583.8;-99999999.0;731.614;9.3;59348.0;2.2;25.2393;1263.4142;1000.0;35.8904;361.2029;60.0;5.532;101.4;-99999999.0;102.9;126936.0;4.6838;1923.0;103.7594;126908.0;75.376;79.0;1.8;177.0;280.0;11.1;117429.0;119.0;-99999999.0;1096.0272;21754.0;10.7;26.6;37.0;19.0;39.718;94961.9;7.5551;-99999999.0;39193.0;-99999999.0
Псковская область;28.7;721.0;1.0;7.3;587.8;54.9;1206.0;5.7;74.95;-88888888.0;823.0;43.1;305.0;63.07;18.3;45.0;300.0;523.0;592.3;68.95;16.2;-1.6;40.7;1.332;16.5;16.4;70.9;38.5;-88888888.0;637.9051;29.1;11.1;22.0;10.1;694.4662;26488.6;11850.0;83.965;-5.9;33090.0;1.4;36.8087;84.0662;198.0;44.5387;398.2963;106.0;0.327;99.2;13780.0;95.4;35835.0;4.1707;1156.0;97.0138;35598.0;12.183;13.0;1.1;292.0;216.0;10.8;44957.0;96.0;-99999999.0;689.2417;16099.0;14.3;25.0;37.0;8.0;5.037;38966.0;2.6108;-99999999.0;29269.0;13599.0
Республика Карелия;28.0;745.3;-88888888.0;8.2;527.9;54.8;1230.0;5.1;74.97;-88888888.0;823.0;52.2;113.0;63.1;18.2;39.3;313.0;510.0;530.1;69.03;9.0;-0.9;38.8;1.505;6.0;17.2;79.7;54.7;-88888888.0;585.0156;20.3;10.7;17.0;1.4;2695.037;33367.9;14680.0;205.415;1.7;44880.0;1.17;33.1355;230.4415;227.0;37.5738;455.4084;71.0;0.512;97.8;16614.0;96.8;62104.0;6.4816;1880.0;99.3429;61570.0;16.469;14.0;1.2;223.0;239.0;11.5;73910.0;120.0;-99999999.0;1093.3302;20754.0;12.9;28.6;40.0;4.0;7.492;56458.4;3.0966;-99999999.0;36607.0;17215.0
Республика Хакасия;22.6;571.8;-88888888.0;9.4;530.2;55.6;1118.0;5.2;75.76;-88888888.0;800.0;47.5;13.0;65.2;13.3;47.4;392.0;408.0;531.6;70.57;6.4;-0.5;46.1;1.541;6.6;21.8;68.7;46.0;-88888888.0;705.2484;31.3;6.5;15.0;1.9;807.2825;24716.9;12210.0;149.537;-6.4;28963.0;1.57;27.5085;89.478;149.0;27.0475;442.017;70.0;0.304;96.6;14198.0;95.9;55283.0;3.1865;1333.0;98.1103;55309.0;7.422;11.0;1.9;254.0;257.0;11.7;61143.0;125.0;-99999999.0;449.8789;16630.0;18.0;24.1;33.0;4.0;3.785;54522.3;4.359;-99999999.0;24919.0;14549.0
Владимирская область;28.3;616.7;3.0;6.6;1325.5;55.5;1203.0;4.2;76.61;-88888888.0;800.0;37.4;649.0;64.95;16.8;49.6;292.0;508.0;1333.9;70.8;20.2;-1.3;42.4;1.156;16.4;16.2;77.6;34.0;-88888888.0;659.296;22.4;10.4;42.0;2.2;2687.3083;27587.1;11612.0;307.753;-0.1;32321.0;1.5;31.9326;811.0371;434.0;39.5895;315.6121;63.0;0.876;97.9;13501.0;98.2;54823.0;1.5926;1536.0;100.0461;54814.0;10.351;31.0;1.3;216.0;280.0;10.5;55578.0;110.0;-99999999.0;727.6691;16717.0;10.4;26.3;32.0;12.0;34.81;45676.7;7.9905;-99999999.0;26020.0;13168.0
Вологодская область;25.7;557.9;-88888888.0;8.2;1128.7;55.1;1182.0;3.6;77.07;-88888888.0;816.0;53.5;150.0;65.89;14.5;46.0;349.0;467.0;1133.6;71.56;5.0;-0.9;41.5;1.413;6.5;19.2;72.5;47.5;-88888888.0;701.4966;27.5;9.0;37.0;3.3;4750.61;29350.0;12091.0;375.744;4.5;35444.0;1.44;33.0683;645.4119;359.0;35.1268;357.4393;81.0;0.914;98.0;14059.0;95.8;55335.0;4.2954;1721.0;102.5549;55143.0;23.122;24.0;1.6;254.0;304.0;13.3;69890.0;107.0;-99999999.0;1053.6008;17618.0;11.0;25.7;42.0;13.0;22.821;53580.1;3.787;-99999999.0;27089.0;13839.0
Красноярский край;22.3;591.5;-88888888.0;9.3;2845.5;57.7;1190.0;5.1;75.94;-88888888.0;733.0;55.0;61.0;65.17;13.4;28.1;346.0;387.0;2850.9;70.58;17.1;-0.4;27.9;1.434;16.5;20.0;79.6;55.4;-88888888.0;680.7602;20.4;11.8;77.0;0.6;9012.9785;32892.7;13288.0;730.157;4.5;41782.0;1.69;26.9194;1765.8072;819.0;39.6221;304.9841;85.0;2.203;97.8;15451.0;101.3;79032.0;2.5531;2050.0;103.6242;78146.0;34.053;59.0;2.1;236.0;260.0;10.9;104721.0;109.0;-99999999.0;1028.6576;18023.0;14.4;29.8;29.0;17.0;60.145;71728.2;6.25;-99999999.0;31564.0;15717.0
Чукотский автономный округ;13.6;900.3;-88888888.0;10.6;47.8;64.3;1131.0;15.8;71.31;-88888888.0;557.0;18.6;8.0;61.35;10.2;65.4;345.0;212.0;47.9;66.2;12.9;-0.1;68.5;1.655;16.3;22.1;69.1;18.3;797.9;505.9102;30.9;13.3;1.0;0.2;115.2025;82049.7;27293.0;9.278;48.1;114456.0;2.28;25.2019;34.4355;15.0;47.1414;117.2659;46.0;0.16;101.0;31736.0;104.5;160118.0;7.0042;2694.0;102.0149;161522.0;1.479;1.0;1.6;106.0;194.0;14.6;116350.0;58.0;-99999999.0;1034.7282;27843.0;6.6;28.2;27.0;0.3;0.627;140601.5;9.9441;-99999999.0;39428.0;26152.0
Ханты-Мансийский автономный округ – Югра;16.5;355.3;-88888888.0;11.1;1730.4;60.9;;3.2;79.61;1.0;643.0;24.5;433.0;70.86;6.5;51.3;371.0;272.0;1722.1;75.41;31.1;1.0;44.4;1.669;18.0;22.6;92.2;30.7;587.1;716.0861;7.8;9.7;37.0;0.9;4465.3272;49887.8;16067.0;356.13;12.0;63454.0;2.34;21.5983;686.5061;453.0;32.21;378.7221;;1.952;101.9;18625.0;104.2;118538.0;3.6915;2252.0;105.1758;117675.0;26.102;34.0;1.6;;;;141833.0;;-99999999.0;1044.8729;24696.0;7.2;30.0;;3.0;15.329;97562.0;7.0576;-99999999.0;39700.0;17875.0
Республика Ингушетия;9.7;149.3;-88888888.0;15.3;519.1;62.4;1009.0;5.4;80.42;57.0;602.0;32.9;-88888888.0;76.26;3.4;54.6;446.0;156.0;515.2;78.34;6.6;1.5;60.5;1.827;4.6;27.9;54.8;40.8;309.2;2570.1395;45.2;7.2;8.0;27.1;603.4526;17329.0;11253.0;137.355;32.7;20781.0;1.77;16.1269;140.0958;115.0;50.9986;181.7222;57.0;0.063;96.0;13085.0;95.8;28102.0;10.9929;1501.0;88.1632;27916.0;9.85;5.0;0.6;226.0;188.0;10.3;29446.0;121.0;-99999999.0;366.1149;13968.0;30.5;14.1;43.0;3.0;6.5;32800.8;0.5497;-99999999.0;11361.0;13014.0
Белгородская область;26.9;459.1;-88888888.0;7.1;1514.5;56.4;1158.0;4.2;78.4;-88888888.0;773.0;35.4;2817.0;67.66;14.2;37.1;296.0;477.0;1525.5;73.03;34.5;-1.4;30.1;1.169;35.1;16.7;65.4;27.8;-88888888.0;583.4589;34.6;9.5;53.0;19.4;3013.97;32811.0;10055.0;370.307;7.2;41022.0;1.56;35.0274;59.1034;495.0;39.6502;336.2898;98.0;0.871;98.1;11692.0;99.8;55600.0;2.7167;764.0;99.4468;55567.0;18.044;32.0;1.5;269.0;326.0;13.9;57764.0;134.0;-99999999.0;678.2593;16709.0;6.1;24.1;45.0;21.0;3.418;47637.8;4.7947;-99999999.0;32092.0;11591.0
Новосибирская область;24.1;545.2;1.0;9.6;2794.3;56.7;1188.0;5.4;77.14;2.0;763.0;38.6;48.0;65.71;13.7;41.5;339.0;424.0;2795.9;71.49;26.1;-0.1;35.3;1.486;15.1;19.2;79.7;43.4;-88888888.0;616.4499;20.3;7.9;78.0;3.5;6531.0048;31971.1;12086.0;750.737;-7.0;39845.0;1.62;27.9605;355.1207;808.0;34.3954;351.6802;76.0;1.061;97.0;14053.0;99.7;49034.0;2.4192;1110.0;102.2836;48591.0;31.966;63.0;2.0;288.0;320.0;10.6;64009.0;124.0;-99999999.0;724.9548;16572.0;11.3;22.9;37.0;16.0;20.881;53756.8;3.2034;-99999999.0;32658.0;14157.0
Еврейская автономная область;22.3;748.5;-88888888.0;9.5;147.5;57.5;1106.0;5.5;73.75;1.0;741.0;32.9;5.0;61.89;15.2;73.4;352.0;389.0;148.5;67.7;0.8;-1.4;66.3;1.62;2.3;20.2;70.8;24.3;-88888888.0;771.7472;29.2;9.8;4.0;1.1;404.5153;29531.1;16133.0;33.926;5.0;35493.0;1.47;25.7103;101.3546;43.0;38.425;293.7786;55.0;0.184;98.0;18758.0;98.2;63062.0;4.0222;1443.0;99.6026;62981.0;2.777;3.0;0.8;190.0;202.0;14.8;61047.0;109.0;-99999999.0;993.6217;16401.0;20.0;25.4;36.0;1.0;4.478;56956.8;6.2246;-99999999.0;27496.0;18462.0
Свердловская область;24.3;577.4;1.0;9.4;4239.1;55.9;1161.0;4.7;76.98;-88888888.0;790.0;51.3;1360.0;65.6;13.9;33.0;354.0;436.0;4251.4;71.31;18.6;-0.6;30.1;1.557;18.4;19.8;85.8;48.6;-88888888.0;629.0813;14.2;9.4;123.0;14.3;9688.6625;35393.6;11612.0;901.262;0.9;46187.0;1.55;29.0109;1832.7188;1304.0;38.0057;441.9768;76.0;2.368;99.1;13501.0;100.5;62233.0;3.0418;1526.0;100.3399;62028.0;62.753;100.0;1.7;239.0;313.0;16.0;65646.0;124.0;-99999999.0;895.8422;17556.0;8.3;24.6;35.0;23.0;77.827;55307.6;3.6312;-99999999.0;37378.0;12890.0
Брянская область;26.8;586.6;-88888888.0;7.1;1152.5;56.1;1183.0;5.4;77.33;-88888888.0;782.0;52.8;901.0;65.17;15.6;41.7;304.0;478.0;1158.6;71.22;13.4;-1.1;33.8;1.196;9.3;17.1;69.6;49.0;-88888888.0;733.4769;30.4;8.8;37.0;22.4;1818.6056;28677.8;11475.0;270.532;0.5;35722.0;1.27;32.5225;195.6928;401.0;38.1755;213.6051;71.0;0.695;96.9;13127.0;96.9;41958.0;2.4124;1171.0;99.7021;41639.0;13.084;25.0;1.0;190.0;250.0;11.3;47264.0;98.0;-99999999.0;560.1942;15705.0;12.0;23.0;32.0;12.0;10.452;40804.1;5.105;-99999999.0;30320.0;13242.0
Курганская область;28.9;711.4;1.0;8.2;761.6;51.3;1200.0;6.2;76.89;-88888888.0;951.0;54.3;17.0;63.25;16.4;43.3;387.0;564.0;766.9;69.88;7.0;-1.4;38.7;1.684;10.6;19.8;64.2;46.1;-88888888.0;799.4992;35.8;7.8;22.0;2.4;1322.8519;22574.1;11253.0;176.455;4.2;28401.0;1.11;29.3238;254.17;278.0;42.9318;427.4028;66.0;0.61;97.4;13085.0;98.9;34877.0;4.5005;1677.0;101.0737;34629.0;16.851;14.0;1.0;237.0;267.0;11.3;44655.0;110.0;-99999999.0;624.7352;15774.0;17.0;18.3;35.0;9.0;11.179;41791.7;3.4426;-99999999.0;22282.0;12589.0
Республика Тыва;10.7;679.5;-88888888.0;17.7;337.3;55.8;1120.0;4.2;72.7;-88888888.0;792.0;63.4;-88888888.0;61.41;8.6;40.9;601.0;191.0;336.8;67.11;2.8;0.3;33.8;2.51;5.1;33.5;55.3;54.0;627.5;458.3673;44.7;6.1;5.0;0.2;337.7776;18691.1;12091.0;67.855;28.0;23049.0;1.35;14.8125;152.6759;82.0;26.8469;167.3521;66.0;0.739;98.1;14059.0;101.6;51413.0;9.3469;1113.0;100.6849;51462.0;9.588;3.0;0.5;184.0;119.0;10.4;56086.0;128.0;-99999999.0;414.8277;15687.0;27.2;22.9;25.0;2.0;11.262;51781.7;7.5301;-99999999.0;14320.0;12495.0
Республика Северная Осетия – Алания;22.3;350.6;2.0;11.0;680.7;57.7;1142.0;4.1;79.47;60.0;734.0;22.7;107.0;69.67;11.2;76.4;346.0;388.0;683.1;74.7;15.2;-0.7;62.1;1.587;9.9;20.0;63.2;13.7;-88888888.0;1381.0198;36.8;7.6;21.0;20.1;697.6367;23920.4;10775.0;89.146;5.4;29235.0;1.39;30.7609;82.8133;193.0;34.62;323.2621;66.0;0.4;97.0;12528.0;98.5;33452.0;4.0819;2385.0;97.1645;33029.0;9.865;15.0;0.9;216.0;252.0;11.3;42701.0;103.0;-99999999.0;652.1481;14736.0;13.0;21.8;45.0;6.0;1.933;36359.9;3.6826;-99999999.0;23959.0;11794.0
Сахалинская область;23.5;624.2;-88888888.0;10.7;460.6;58.6;1061.0;4.6;75.68;1.0;708.0;31.3;23.0;65.47;13.8;37.0;306.0;402.0;463.3;70.37;33.7;-1.2;35.0;1.807;37.4;17.9;82.6;25.6;-88888888.0;542.1868;17.4;9.4;15.0;0.7;1770.7157;54641.0;16280.0;94.427;8.5;73820.0;1.74;31.6135;328.0741;158.0;33.6075;355.4279;92.0;1.462;100.8;18930.0;98.2;132295.0;7.241;1725.0;96.8246;132064.0;16.304;11.0;1.1;154.0;298.0;11.0;154232.0;98.0;-99999999.0;1562.6848;22148.0;7.0;27.9;31.0;3.0;13.041;102683.8;8.4857;-99999999.0;54031.0;18740.0
Ямало-Ненецкий автономный округ;13.0;399.4;-88888888.0;13.2;512.4;63.8;1075.0;3.5;79.17;-88888888.0;568.0;21.8;173.0;70.51;5.5;62.1;364.0;204.0;511.8;74.82;15.4;0.2;62.8;1.916;11.8;23.2;84.7;26.1;463.1;645.1082;15.3;9.8;11.0;0.5;1976.0399;76957.8;17056.0;130.75;33.1;116639.0;2.9;22.1569;158.1494;142.0;35.9405;352.4036;;2.385;100.1;19832.0;101.8;200629.0;9.4765;2782.0;102.5025;200623.0;20.086;10.0;1.7;;;;-88888888.0;;-99999999.0;1259.4263;24376.0;4.5;27.2;;1.0;3.171;131515.7;14.5356;-99999999.0;47006.0;19079.0
Оренбургская область;25.1;597.3;-88888888.0;8.7;1841.4;55.5;1156.0;3.9;76.98;6.0;802.0;50.5;52.0;65.55;13.8;42.9;349.0;453.0;1848.6;71.24;19.0;-0.8;30.5;1.464;11.6;19.4;59.9;45.5;-88888888.0;754.3375;40.1;9.8;56.0;2.3;2990.8647;23942.0;10415.0;496.776;-3.8;30334.0;1.43;30.1451;477.3041;591.0;41.807;427.6957;70.0;1.5;98.1;12110.0;95.4;44921.0;3.8554;1065.0;99.0099;44550.0;32.052;34.0;1.6;300.0;307.0;19.5;62079.0;119.0;-99999999.0;501.7125;15607.0;13.1;23.5;35.0;22.0;27.339;43540.3;4.0774;-99999999.0;25403.0;11764.0
Новгородская область;27.8;607.4;-88888888.0;7.4;575.9;54.5;1229.0;4.3;76.22;-88888888.0;834.0;43.9;65.0;64.44;17.1;41.6;325.0;509.0;578.8;70.45;16.6;-1.0;39.5;1.316;14.5;17.7;73.1;43.9;-88888888.0;694.0813;26.9;12.5;20.0;14.1;1710.1427;27659.9;11732.0;165.437;-2.8;33729.0;1.41;35.3631;92.9407;191.0;45.6169;346.3466;76.0;0.514;99.8;13641.0;100.8;42132.0;3.8977;1703.0;102.8707;41966.0;10.846;13.0;1.3;242.0;236.0;15.0;60019.0;104.0;-99999999.0;861.427;16760.0;11.9;27.3;37.0;8.0;3.386;45247.3;4.463;-99999999.0;29024.0;13348.0
Ивановская область;28.3;613.4;-88888888.0;7.5;914.7;55.6;1228.0;5.8;76.14;-88888888.0;797.0;43.3;519.0;64.75;17.3;44.1;290.0;507.0;919.4;70.57;20.7;-1.0;36.0;1.367;13.2;16.1;82.1;42.7;-88888888.0;711.4349;17.9;10.2;28.0;16.6;2062.7632;26967.9;11013.0;219.057;-0.2;34275.0;1.48;30.8744;700.346;305.0;42.0051;347.1798;65.0;0.401;97.5;12806.0;96.5;44463.0;2.4858;1714.0;96.7876;44328.0;11.15;22.0;1.3;195.0;284.0;12.9;51201.0;111.0;-99999999.0;784.7133;16133.0;11.5;24.3;34.0;6.0;24.621;36379.9;3.504;-99999999.0;28872.0;13020.0
Липецкая область;27.1;539.9;-88888888.0;7.1;1126.3;56.0;1183.0;3.2;77.7;-88888888.0;784.0;47.8;1435.0;66.49;15.2;41.1;302.0;482.0;1132.2;72.12;17.0;-1.1;35.2;1.203;15.5;16.9;63.0;43.4;-88888888.0;656.3835;37.0;8.8;40.0;16.7;1777.3847;31756.8;10109.0;295.843;3.6;38926.0;1.49;35.3333;207.7915;370.0;37.5128;389.6763;79.0;0.494;97.6;11553.0;97.3;46381.0;3.4868;986.0;101.3907;46196.0;17.793;24.0;1.9;223.0;311.0;14.0;50773.0;142.0;-99999999.0;500.6554;16136.0;7.2;23.3;51.0;16.0;11.007;46711.4;2.7943;-99999999.0;32431.0;11906.0
Приморский край;23.7;627.7;-88888888.0;8.8;1820.1;58.7;1059.0;6.6;75.3;1.0;705.0;62.2;342.0;64.36;15.0;28.1;300.0;405.0;1831.0;69.71;12.2;-1.2;25.6;1.427;18.4;17.6;78.4;53.5;-88888888.0;576.5323;21.6;8.8;46.0;2.2;3600.4584;36456.6;14245.0;328.437;-7.4;45834.0;1.82;25.4761;758.2633;514.0;34.0262;491.8987;91.0;2.199;99.6;16564.0;97.6;76483.0;2.973;1494.0;101.5;76131.0;26.238;36.0;2.4;171.0;290.0;13.1;82999.0;108.0;-99999999.0;913.5335;17207.0;11.4;25.8;42.0;10.0;29.941;63588.6;8.1168;-99999999.0;39421.0;16474.0
Смоленская область;28.1;642.3;-88888888.0;6.2;873.0;56.1;1211.0;4.2;76.1;1.0;783.0;42.4;64.0;64.53;16.8;34.0;282.0;501.0;880.0;70.35;26.0;-1.6;31.6;1.08;29.1;15.8;72.7;36.9;-88888888.0;679.3318;27.3;12.0;29.0;14.4;1541.6819;27356.7;11492.0;172.85;6.2;35094.0;1.48;32.653;578.9399;287.0;51.0314;263.8994;69.0;0.524;98.4;13363.0;97.0;31864.0;1.7597;2275.0;100.8415;31800.0;7.706;19.0;1.6;220.0;244.0;11.9;34435.0;120.0;-99999999.0;743.2658;15933.0;12.8;23.5;38.0;9.0;15.397;41716.5;6.0292;-99999999.0;27256.0;12798.0
Чеченская Республика;10.4;197.3;-88888888.0;20.8;1533.2;57.3;996.0;5.9;77.46;-88888888.0;744.0;40.4;26.0;71.76;4.9;65.1;564.0;180.0;1523.9;74.61;5.9;1.2;53.7;2.744;6.7;32.3;38.1;28.2;452.3;2066.0592;61.9;9.2;32.0;30.8;4174.8963;24021.8;11492.0;247.75;20.7;30341.0;1.34;20.7575;463.159;425.0;46.7951;200.3634;68.0;1.003;99.9;13363.0;102.3;33542.0;13.9433;2439.0;94.8212;33456.0;44.721;15.0;0.4;235.0;230.0;11.4;34018.0;136.0;-99999999.0;1404.2705;14564.0;19.4;19.7;43.0;17.0;9.06;33699.9;2.171;-99999999.0;22124.0;13344.0
г. Севастополь;23.2;401.4;-88888888.0;7.1;558.3;59.9;1105.0;3.8;79.15;-88888888.0;670.0;17.0;868.0;70.02;11.2;48.8;282.0;388.0;552.8;74.57;29.1;1.9;53.9;1.017;23.4;16.9;92.5;27.8;-88888888.0;553.382;7.5;6.7;13.0;24.9;350.0616;30844.3;11970.0;233.514;4.6;35164.0;2.05;22.529;6.1407;113.0;34.0684;261.8844;62.0;0.114;95.8;13919.0;99.5;58628.0;2.1702;1055.0;93.7746;58779.0;5.602;13.0;0.7;140.0;223.0;9.4;55174.0;94.0;-99999999.0;124.9253;16173.0;9.0;19.7;28.0;-88888888.0;0.352;43112.3;2.0372;-99999999.0;30093.0;13855.0
Чувашская Республика;25.1;562.8;-88888888.0;8.4;1173.2;55.4;1162.0;3.1;78.75;-88888888.0;805.0;58.6;281.0;66.31;13.3;35.0;352.0;453.0;1178.6;72.49;9.6;-0.9;31.8;1.423;14.2;19.5;64.3;50.8;-88888888.0;712.4719;35.7;10.0;36.0;2.0;1534.1852;22320.9;10175.0;259.501;-1.7;27213.0;1.39;30.9412;154.049;358.0;41.7072;246.5885;71.0;1.151;98.8;11832.0;98.3;34999.0;11.071;1108.0;101.18;34913.0;57.311;20.0;1.5;280.0;255.0;10.8;48642.0;119.0;-99999999.0;492.6716;15758.0;14.8;24.1;28.0;16.0;6.691;41527.0;1.8842;-99999999.0;21891.0;11800.0
Астраханская область;22.5;483.7;-88888888.0;10.1;950.6;56.3;1129.0;5.6;76.82;2.0;776.0;43.4;435.0;66.83;12.7;55.7;377.0;399.0;954.2;71.8;10.2;-0.8;46.4;1.627;10.0;21.2;64.1;34.3;-88888888.0;938.2272;35.9;7.3;25.0;16.3;2012.9396;25038.0;11612.0;201.591;-1.1;31119.0;1.88;26.3288;361.862;253.0;32.2703;300.3681;82.0;0.988;98.4;13501.0;97.8;48439.0;3.6107;1504.0;99.697;48289.0;15.134;17.0;1.3;200.0;254.0;12.2;56817.0;134.0;-99999999.0;832.1054;14966.0;13.8;22.6;44.0;8.0;13.802;47779.9;5.8361;-99999999.0;26164.0;12907.0
Архангельская область без автономного округа;27.0;610.0;-88888888.0;7.9;964.3;55.1;1165.0;4.5;76.57;-88888888.0;814.0;58.9;43.0;65.32;15.7;41.2;325.0;489.0;969.4;70.93;3.9;-1.1;37.2;1.476;4.4;17.9;77.8;54.4;-88888888.0;704.797;22.2;8.8;32.0;0.9;3752.755;34653.5;13886.0;339.106;0.1;45975.0;1.23;33.6189;313.3872;391.0;32.7115;341.4162;;0.752;97.8;16147.0;95.1;57547.0;8.0341;1402.0;96.4877;57065.0;36.65;22.0;1.3;;;;76335.0;;-99999999.0;922.2178;21088.0;10.9;27.0;;10.0;14.798;64416.6;1.8904;-99999999.0;38454.0;16246.0
Кемеровская область;24.6;672.2;-88888888.0;7.7;2568.2;56.4;1179.0;5.8;75.18;-88888888.0;774.0;51.4;7.0;64.02;14.9;40.8;336.0;438.0;2580.1;69.64;16.3;-0.9;32.3;1.264;11.9;19.0;86.5;47.3;-88888888.0;620.3919;13.5;8.2;69.0;0.7;5327.0797;26779.8;10893.0;735.481;2.6;32627.0;1.43;26.9805;1084.6988;816.0;28.9723;327.7286;72.0;4.285;97.3;12667.0;99.5;48789.0;2.8149;1944.0;103.5791;48796.0;33.633;59.0;3.5;203.0;288.0;10.3;46301.0;109.0;-99999999.0;603.5823;16907.0;11.3;28.5;32.0;11.0;37.936;57652.6;11.6081;-99999999.0;24686.0;12638.0
г. Москва;26.9;316.5;198.0;9.4;13104.2;57.3;1154.0;3.5;81.62;48.0;744.0;5.9;2895.0;74.46;9.7;78.5;276.0;468.0;13059.7;78.17;13.2;0.7;80.9;1.419;13.2;15.8;100.0;8.3;916.8;469.5178;-88888888.0;10.8;286.0;5.1;40681.1484;73458.6;15410.0;3233.373;3.6;95465.0;2.79;21.8334;19366.9851;3024.0;35.4271;282.272;82.0;2.767;100.9;20585.0;98.3;169911.0;0.5808;2719.0;98.6651;169715.0;36.135;286.0;4.8;233.0;222.0;16.9;204653.0;87.0;-99999999.0;1048.4703;18239.0;5.0;30.5;42.0;-88888888.0;538.869;125637.6;6.5258;-99999999.0;65722.0;20917.0
Иркутская область;22.1;672.9;-88888888.0;10.4;2344.4;56.0;1154.0;4.8;75.2;-88888888.0;785.0;55.1;86.0;63.33;14.1;37.7;391.0;394.0;2353.9;69.31;14.6;-0.8;30.3;1.694;17.0;21.9;77.5;45.3;-88888888.0;681.2513;22.5;7.7;62.0;0.7;4102.985;28570.9;12689.0;518.264;-0.3;35040.0;1.53;26.4487;1120.4353;722.0;31.9211;270.3407;73.0;1.804;97.9;14754.0;99.3;75229.0;4.6539;1633.0;101.206;74792.0;49.996;50.0;1.9;201.0;247.0;13.0;85283.0;105.0;-99999999.0;659.7321;17363.0;14.8;24.2;33.0;12.0;51.99;64634.9;3.5501;-99999999.0;26644.0;14581.0
Хабаровский край;22.3;630.0;-88888888.0;9.6;1284.1;58.8;1138.0;5.0;75.39;1.0;702.0;40.4;112.0;64.7;14.0;37.8;321.0;381.0;1288.4;69.96;25.8;-0.7;33.8;1.498;24.0;18.9;83.5;38.2;-88888888.0;634.5231;16.5;10.3;33.0;5.0;3359.7969;40196.9;15960.0;263.088;0.2;49523.0;1.87;25.5397;592.7215;360.0;32.1726;308.2159;72.0;1.08;100.0;18558.0;99.6;72674.0;2.6769;1494.0;100.293;72763.0;17.04;27.0;1.6;208.0;300.0;11.3;62613.0;108.0;-99999999.0;1064.2183;19383.0;10.5;32.1;29.0;6.0;22.517;65896.6;6.3645;-99999999.0;42352.0;18055.0
Ростовская область;25.7;505.7;-88888888.0;7.8;4164.5;57.4;1145.0;4.9;77.33;3.0;742.0;43.4;4742.0;66.78;14.4;36.1;294.0;448.0;4178.4;72.0;26.3;-0.7;30.3;1.249;20.5;16.9;67.7;43.4;-88888888.0;683.7584;32.3;10.8;116.0;17.6;7832.4229;31398.9;11253.0;742.585;-2.5;40016.0;1.66;27.7344;1611.4756;1227.0;37.0761;334.6933;75.0;1.944;98.5;13085.0;100.7;53277.0;1.2028;1442.0;100.2547;52999.0;22.017;81.0;2.3;263.0;340.0;15.7;60646.0;105.0;-99999999.0;878.9592;15418.0;10.5;29.1;43.0;35.0;84.316;44767.4;7.9957;-99999999.0;34963.0;12898.0
Мурманская область;21.5;661.5;-88888888.0;8.5;658.7;59.4;1120.0;3.8;75.7;-88888888.0;682.0;25.5;109.0;64.44;13.2;67.3;321.0;361.0;662.0;70.16;11.0;-1.0;63.5;1.47;10.0;19.1;93.0;22.7;-88888888.0;685.3236;7.0;10.5;19.0;0.9;2683.3032;48438.3;19135.0;155.816;3.0;62601.0;1.48;28.873;1710.1814;232.0;35.0948;409.9603;78.0;1.423;99.7;22250.0;96.8;96306.0;3.6176;2601.0;99.3739;96077.0;11.542;18.0;1.5;237.0;204.0;13.1;95159.0;81.0;-99999999.0;1435.0811;22596.0;8.0;29.8;33.0;1.0;47.833;87326.2;12.151;-99999999.0;45567.0;21285.0
Кабардино-Балкарская Республика;19.1;295.6;1.0;11.1;903.3;58.9;1107.0;4.0;79.34;-88888888.0;697.0;27.4;19.0;71.5;8.7;51.3;373.0;324.0;903.8;75.51;22.8;-0.1;49.8;1.515;27.6;22.0;51.8;21.1;815.9;963.7596;48.2;9.2;20.0;35.5;1185.714;25415.9;12808.0;141.676;-0.4;30173.0;1.93;21.7232;82.9736;196.0;43.2147;275.3397;71.0;0.144;97.6;14894.0;107.2;36585.0;3.0565;1610.0;98.6036;36398.0;7.836;11.0;0.9;298.0;282.0;13.7;36897.0;97.0;-99999999.0;697.4329;12981.0;16.4;21.3;46.0;8.0;1.978;35250.8;1.592;-99999999.0;27903.0;13482.0
Воронежская область;27.6;518.9;2.0;7.5;2285.3;56.4;1165.0;3.6;77.99;2.0;773.0;40.0;5539.0;66.98;15.3;35.1;284.0;489.0;2293.9;72.45;24.9;-0.8;35.1;1.232;24.5;16.0;68.5;40.4;-88888888.0;598.4496;31.5;10.9;77.0;24.7;3132.6505;30806.9;10776.0;445.309;0.4;39319.0;1.59;33.5493;1521.6189;716.0;39.9517;362.4284;99.0;0.867;97.9;11832.0;97.8;61144.0;3.9071;1520.0;99.2826;60545.0;42.788;50.0;1.6;293.0;349.0;17.8;67694.0;132.0;-99999999.0;586.2316;15732.0;7.2;27.2;52.0;27.0;63.297;46276.7;1.9886;-99999999.0;33735.0;10951.0
Ставропольский край;23.2;369.2;-88888888.0;8.7;2891.2;58.4;1121.0;4.7;78.58;1.0;712.0;41.9;1656.0;69.9;11.6;43.7;314.0;398.0;2896.8;74.29;11.0;-0.4;47.1;1.289;16.0;18.4;60.7;40.3;-88888888.0;766.608;39.3;9.7;74.0;12.3;8356.9549;23985.9;10775.0;577.067;-6.9;27626.0;1.81;25.4807;1166.7194;717.0;34.8584;259.5666;80.0;1.649;97.9;12528.0;97.0;47390.0;3.111;1928.0;97.9454;47194.0;35.617;48.0;1.6;203.0;296.0;18.8;50207.0;130.0;-99999999.0;1206.8146;15118.0;11.7;27.8;47.0;26.0;39.785;41401.8;4.4232;-99999999.0;25153.0;11643.0
Республика Мордовия;28.7;486.4;-88888888.0;6.0;771.4;56.8;1158.0;4.0;78.93;-88888888.0;761.0;37.8;28.0;67.45;14.4;42.9;256.0;505.0;776.4;73.16;24.1;-1.3;38.1;1.031;25.0;14.5;63.6;32.1;-88888888.0;627.4112;36.4;9.4;23.0;1.7;1165.6131;21204.9;10329.0;164.27;2.1;25504.0;1.59;30.0155;98.3461;244.0;40.955;337.6421;82.0;0.41;99.4;11832.0;99.1;36178.0;5.2842;1436.0;101.7667;36179.0;18.359;14.0;1.5;260.0;281.0;10.9;36044.0;117.0;-99999999.0;591.3096;15441.0;15.0;23.1;47.0;9.0;4.422;39537.9;2.0643;-99999999.0;20288.0;11033.0
Волгоградская область;25.8;462.6;1.0;7.1;2470.1;57.9;1135.0;4.4;78.27;3.0;726.0;42.2;692.0;68.26;13.7;43.2;281.0;445.0;2481.4;73.24;18.2;-0.9;39.6;1.139;18.8;16.3;77.6;38.0;-88888888.0;702.6469;22.4;9.3;64.0;22.0;3455.1903;26263.8;10319.0;423.674;0.4;31309.0;1.58;25.9596;1059.579;719.0;41.7184;427.8181;78.0;0.955;99.2;11970.0;101.1;39038.0;2.1183;1232.0;100.5066;38644.0;24.735;50.0;1.3;208.0;321.0;11.7;47292.0;118.0;-99999999.0;679.6087;15974.0;9.6;22.3;33.0;14.0;55.573;44241.5;3.6359;-99999999.0;26225.0;11670.0
Республика Адыгея;23.2;395.9;-88888888.0;8.7;498.0;57.0;1138.0;4.3;78.05;-88888888.0;755.0;18.3;176.0;69.01;12.3;44.4;348.0;407.0;498.1;73.6;24.8;-0.1;56.9;1.31;36.0;19.8;49.0;19.6;-88888888.0;778.6517;51.0;8.6;13.0;44.0;401.3406;29281.9;10295.0;77.36;8.2;36397.0;1.27;26.414;12.7093;121.0;37.8964;412.4462;70.0;0.262;97.5;11970.0;97.0;44999.0;3.1546;1056.0;97.2405;44800.0;6.368;7.0;1.1;212.0;263.0;11.8;51741.0;119.0;-99999999.0;432.33;14777.0;11.6;22.8;46.0;6.0;0.585;40230.6;3.9;-99999999.0;30511.0;11973.0
Тульская область;29.4;574.5;2.0;6.4;1481.5;56.0;1211.0;4.8;77.08;-88888888.0;787.0;33.3;2273.0;66.46;16.6;39.6;261.0;526.0;1489.1;71.86;34.3;-1.0;32.4;1.145;27.1;14.6;73.2;33.3;-88888888.0;593.1544;26.8;10.7;47.0;3.1;2582.6789;29584.2;11732.0;272.65;-1.3;34442.0;1.42;31.6861;116.6796;509.0;41.4673;372.3711;70.0;0.643;98.2;13641.0;98.8;55483.0;3.6475;1518.0;102.5301;54862.0;27.472;34.0;1.4;137.0;355.0;19.1;76490.0;101.0;-99999999.0;789.3755;16655.0;9.4;25.9;32.0;13.0;4.634;51217.8;2.258;-99999999.0;28397.0;12987.0
г. Санкт-Петербург;25.5;362.1;-88888888.0;9.0;5600.0;59.4;1217.0;3.5;79.44;-88888888.0;684.0;27.0;-99999999.0;71.42;11.6;61.0;254.0;430.0;5604.0;75.77;13.2;-0.1;59.8;1.278;11.0;15.1;100.0;28.0;-88888888.0;462.656;-88888888.0;8.4;153.0;4.3;19291.2345;50215.5;12450.0;1184.461;3.1;63495.0;2.19;27.278;1198.0674;1471.0;28.4982;290.2043;78.0;5.646;97.8;14476.0;100.6;76642.0;3.6062;1395.0;100.1058;76640.0;97.25;153.0;3.8;309.0;347.0;11.1;76589.0;87.0;-99999999.0;1357.2442;18416.0;4.5;29.4;37.0;-88888888.0;57.976;86629.8;4.8656;-99999999.0;48134.0;14228.0
Карачаево-Черкесская Республика;20.7;326.0;-88888888.0;9.4;468.4;58.3;1121.0;5.4;79.63;-88888888.0;715.0;50.1;10.0;70.87;9.4;45.5;361.0;354.0;468.8;75.32;8.7;-0.1;41.2;1.3;7.0;21.0;41.4;47.5;871.7;1516.7871;58.6;9.1;11.0;14.9;1028.4426;19060.4;10893.0;113.328;23.3;22258.0;1.47;23.2009;70.4575;122.0;37.7124;206.6992;54.0;0.086;98.7;12667.0;96.4;32740.0;4.6776;1794.0;94.8976;32559.0;6.882;5.0;1.8;240.0;225.0;10.9;36877.0;128.0;-99999999.0;756.2434;13980.0;22.0;24.3;33.0;5.0;1.935;35462.5;1.1412;-99999999.0;14643.0;12212.0
Калужская область;26.2;522.8;5.0;7.9;1070.9;57.0;1109.0;3.4;77.73;-88888888.0;753.0;24.1;1427.0;67.4;14.2;32.6;294.0;459.0;1072.0;72.48;45.3;-0.2;30.6;1.336;41.2;16.8;74.9;26.2;-88888888.0;776.1259;25.1;9.0;33.0;6.0;1667.2698;31476.3;11492.0;218.803;-0.7;35509.0;1.65;31.0873;177.2271;306.0;40.6259;296.6056;81.0;0.428;97.6;13363.0;92.2;49712.0;4.0112;1241.0;94.4447;49270.0;20.086;22.0;1.4;253.0;241.0;11.4;68016.0;107.0;-99999999.0;634.9965;16721.0;7.9;22.2;27.0;11.0;9.846;53909.9;2.0543;-99999999.0;28327.0;13530.0
Магаданская область;19.8;727.0;-88888888.0;8.7;134.3;61.8;1116.0;3.4;74.72;1.0;618.0;30.8;66.0;62.89;12.7;54.4;297.0;321.0;135.1;68.45;19.0;-1.2;50.2;1.426;19.0;18.4;96.5;26.6;-88888888.0;554.3041;3.5;13.7;4.0;0.5;422.9874;70976.5;20829.0;20.078;23.2;94060.0;2.08;30.3488;38.6208;42.0;40.0012;391.0137;83.0;0.299;97.1;24220.0;100.9;128408.0;5.3302;2283.0;95.7726;127788.0;3.731;4.0;1.1;261.0;269.0;14.1;145235.0;116.0;-99999999.0;1755.6007;24845.0;7.4;34.2;37.0;0.3;0.87;121461.8;7.3105;-99999999.0;45948.0;24581.0
Тамбовская область;30.1;538.7;-88888888.0;6.8;966.3;55.7;1169.0;4.9;77.49;-88888888.0;794.0;33.7;628.0;66.63;16.8;42.7;254.0;540.0;972.7;72.01;29.9;-1.3;36.4;1.223;27.5;14.2;60.4;29.8;-88888888.0;659.087;39.6;10.6;33.0;19.6;2113.3524;27696.7;11224.0;275.71;6.5;34092.0;1.4;34.0336;470.842;332.0;42.0194;387.2517;84.0;0.748;97.4;12210.0;96.7;32745.0;4.4167;1361.0;99.5492;32501.0;20.458;19.0;1.2;159.0;189.0;16.9;36964.0;155.0;-99999999.0;638.7607;15170.0;10.5;25.1;53.0;14.0;21.039;39345.7;3.4776;-99999999.0;27256.0;12384.0
Республика Дагестан;14.0;180.4;3.0;13.3;3209.8;60.8;1026.0;7.1;81.13;8.0;644.0;34.9;49.0;75.32;5.1;59.4;414.0;230.0;3198.3;78.22;7.1;0.7;58.0;1.734;8.2;25.2;45.2;32.4;474.4;1973.6676;54.8;6.2;70.0;53.7;1827.263;26774.7;10893.0;373.927;5.7;33343.0;1.7;21.9011;169.3246;674.0;38.626;207.3238;49.0;0.928;95.2;12667.0;97.5;30208.0;7.6036;1548.0;95.8176;30073.0;63.648;33.0;0.9;280.0;177.0;10.8;36008.0;118.0;-99999999.0;407.2236;12628.0;14.2;16.0;37.0;37.0;6.307;35082.3;1.4797;-99999999.0;29242.0;12948.0
Челябинская область;24.5;535.1;-88888888.0;9.1;3407.1;55.9;1168.0;4.2;77.67;5.0;790.0;50.9;67.0;66.41;13.3;33.5;350.0;440.0;3414.4;72.16;18.1;-0.4;31.0;1.468;15.6;19.6;82.6;50.9;-88888888.0;695.6505;17.4;9.7;98.0;2.1;8446.9744;27417.9;11245.0;738.697;-0.8;33071.0;1.69;28.6528;2290.6823;1021.0;34.8272;373.5239;71.0;1.921;99.6;13076.0;100.2;51590.0;1.7431;1291.0;102.7406;51053.0;29.074;79.0;1.6;193.0;279.0;11.5;63975.0;109.0;-99999999.0;952.9138;16686.0;11.3;28.0;34.0;19.0;122.207;50104.4;6.4297;-99999999.0;27029.0;13041.0
Республика Алтай;17.9;641.1;-88888888.0;13.1;210.8;55.0;1173.0;8.2;74.67;-88888888.0;818.0;62.0;9.0;62.51;11.6;35.4;493.0;325.0;210.8;68.47;3.5;-0.0185;34.5;2.07;4.5;27.1;30.8;60.1;987.7;753.3333;69.2;7.5;5.0;0.5;554.4876;21882.7;11253.0;69.232;1.3;27940.0;1.4;24.3012;77.2771;59.0;32.6475;245.4156;101.0;0.361;97.5;13085.0;96.7;47573.0;15.6557;1651.0;95.4229;47395.0;12.49;2.0;1.0;275.0;190.0;9.5;53073.0;111.0;-99999999.0;667.4269;14723.0;20.0;22.9;32.0;3.0;3.217;43974.0;2.8285;-99999999.0;23272.0;12935.0
Омская область;25.1;546.3;-88888888.0;8.7;1832.1;55.2;1185.0;4.8;76.76;-88888888.0;812.0;56.0;65.0;66.0;14.1;41.0;357.0;455.0;1841.8;71.45;11.7;-1.1;32.3;1.525;14.0;19.7;73.6;45.0;-88888888.0;604.054;26.4;10.5;50.0;8.6;3895.0763;27352.9;10694.0;400.081;2.1;34747.0;1.53;27.545;168.5608;570.0;37.4266;275.6623;76.0;1.223;96.9;12436.0;98.9;50617.0;4.2965;1433.0;99.9952;50178.0;35.989;37.0;1.4;261.0;261.0;13.0;70988.0;118.0;-99999999.0;811.3099;15887.0;12.0;28.1;37.0;14.0;7.104;46952.3;3.2684;-99999999.0;28006.0;12451.0
Саратовская область;26.9;497.5;7.0;6.8;2404.9;57.0;1155.0;3.2;77.54;4.0;753.0;47.5;989.0;68.08;14.3;41.1;283.0;470.0;2418.0;72.85;16.6;-1.1;35.9;1.106;17.7;16.1;76.8;41.2;-88888888.0;677.752;23.2;9.7;75.0;14.6;3516.0011;23922.4;10055.0;455.849;0.5;28797.0;1.51;31.3781;439.3502;704.0;40.8745;331.3878;61.0;1.607;98.4;11692.0;98.3;50013.0;2.5713;663.0;101.0283;49509.0;29.38;55.0;1.2;234.0;320.0;21.0;57692.0;104.0;-99999999.0;642.7569;15495.0;13.2;23.7;27.0;20.0;35.811;42916.6;5.1281;-99999999.0;23963.0;11503.0
Тюменская область без автономных округов;22.6;458.3;-88888888.0;11.1;1608.5;55.7;1056.0;3.8;78.7;-88888888.0;796.0;57.0;334.0;68.11;10.7;28.5;390.0;406.0;1605.6;73.59;15.6;0.4;27.4;1.72;16.5;21.7;67.7;55.0;968.5;616.9304;32.3;9.2;48.0;3.4;3181.0594;29966.2;11970.0;244.734;-20.1;36682.0;1.78;30.138;418.7587;405.0;44.4433;345.1595;;1.195;101.1;13919.0;101.6;67089.0;4.2285;1418.0;101.5551;66373.0;29.188;34.0;2.2;;;;82683.0;;-99999999.0;1083.169;17548.0;12.3;20.7;;14.0;21.218;61900.6;4.0986;-99999999.0;36159.0;13525.0
Забайкальский край;19.6;691.1;-88888888.0;11.2;992.4;58.5;1071.0;5.4;73.87;-88888888.0;710.0;62.6;9.0;61.97;13.8;46.4;375.0;335.0;996.5;67.75;2.9;-0.8;34.5;1.69;2.9;21.9;69.5;50.7;-88888888.0;728.9492;30.5;7.3;24.0;0.8;1857.023;28379.6;14005.0;198.731;8.4;36183.0;1.67;23.6887;204.46;268.0;32.3496;318.6475;74.0;1.163;97.4;16286.0;100.6;45521.0;4.7606;1759.0;99.2366;45285.0;19.491;16.0;1.1;258.0;166.0;12.3;50511.0;108.0;-99999999.0;778.7004;15738.0;17.6;22.7;35.0;7.0;6.757;59412.9;5.8601;-99999999.0;27644.0;15746.0
Республика Бурятия;19.5;624.6;-88888888.0;11.2;974.6;56.6;1115.0;4.6;76.03;-88888888.0;767.0;65.8;16.0;62.95;12.2;32.0;422.0;345.0;976.3;69.35;5.4;-0.3;28.8;1.684;5.8;23.9;59.1;62.2;-88888888.0;762.1554;40.9;10.2;22.0;3.9;1640.9412;26491.8;13048.0;332.205;-0.2;32823.0;1.44;22.5747;812.7189;257.0;44.6047;271.598;62.0;0.617;96.9;15172.0;99.8;51590.0;8.2311;2859.0;101.7445;51351.0;30.949;13.0;1.1;175.0;204.0;10.0;59248.0;105.0;-99999999.0;411.6287;15737.0;19.0;22.9;26.0;9.0;18.44;53495.3;1.9547;-99999999.0;27957.0;14992.0
Республика Калмыкия;22.3;419.0;-88888888.0;9.1;264.5;56.1;1071.0;4.0;78.82;-88888888.0;782.0;50.1;4.0;68.23;10.4;55.7;385.0;397.0;265.5;73.49;0.5;-0.7;49.4;1.432;0.4;21.6;47.0;43.9;922.5;1010.2115;53.0;7.4;7.0;1.0;525.0317;20097.0;11132.0;75.163;13.3;23684.0;1.51;26.9589;24.5481;75.0;34.3829;336.29;115.0;0.149;94.8;12945.0;96.2;32412.0;9.674;1152.0;96.4993;32200.0;9.332;4.0;0.6;221.0;225.0;11.3;41527.0;123.0;-99999999.0;582.1035;14118.0;20.9;21.5;25.0;3.0;1.093;36349.2;1.5192;-99999999.0;15205.0;12715.0
Нижегородская область;27.0;567.3;-88888888.0;7.8;3081.8;55.6;1209.0;4.7;77.2;1.0;798.0;54.7;2537.0;65.57;15.5;31.3;313.0;485.0;3095.4;71.49;13.2;-0.9;32.1;1.313;16.6;17.4;80.0;52.1;-88888888.0;608.122;20.0;10.5;92.0;9.2;8825.6273;33308.3;11253.0;849.5;3.1;43220.0;1.65;29.9;1177.9766;995.0;39.6718;427.5945;82.0;1.006;98.8;13085.0;99.6;57790.0;1.846;1615.0;103.0896;57395.0;26.898;67.0;1.6;238.0;285.0;15.3;72101.0;105.0;-99999999.0;865.7669;16754.0;8.0;26.5;39.0;25.0;45.696;48367.9;3.4709;-99999999.0;35053.0;12352.0
Тверская область;28.4;659.4;2.0;7.3;1211.2;55.0;1195.0;6.4;75.33;1.0;817.0;40.3;362.0;64.51;17.9;45.4;302.0;515.0;1218.6;69.94;20.0;-1.2;39.7;1.296;16.4;16.6;76.3;38.2;-88888888.0;637.1671;23.7;9.2;43.0;16.6;3533.2191;29379.3;11492.0;359.911;1.4;35203.0;1.46;35.5616;635.0755;399.0;44.6894;407.6337;81.0;0.769;97.9;13363.0;98.5;51282.0;2.7226;1226.0;98.9448;50053.0;16.377;29.0;1.6;180.0;296.0;11.3;89000.0;123.0;-99999999.0;818.077;16503.0;9.6;20.6;44.0;15.0;32.578;45732.2;4.443;-99999999.0;28470.0;13503.0
Томская область;23.1;503.8;-88888888.0;8.2;1052.1;58.1;1168.0;3.9;77.66;-88888888.0;721.0;36.9;19.0;66.97;12.1;34.5;324.0;397.0;1057.4;72.33;31.9;-1.0;31.2;1.244;35.0;18.8;71.3;30.5;-88888888.0;663.4035;28.7;10.1;28.0;1.5;2288.9879;28578.5;12044.0;189.268;-2.1;34766.0;1.72;26.8838;770.9894;290.0;34.9697;316.9994;71.0;0.56;99.1;14004.0;97.0;55643.0;3.2905;1572.0;99.5087;55192.0;16.245;20.0;1.5;256.0;256.0;14.3;70162.0;121.0;-99999999.0;1007.8248;18366.0;12.7;29.0;39.0;9.0;28.645;57879.0;3.2424;-99999999.0;27218.0;14126.0
Ульяновская область;28.3;616.0;-88888888.0;7.6;1181.0;54.8;1175.0;4.0;77.23;1.0;825.0;40.7;280.0;65.52;15.1;52.4;309.0;516.0;1186.3;71.34;16.9;-0.9;42.4;1.318;9.8;16.9;77.0;37.8;-88888888.0;675.4687;23.0;11.3;38.0;10.5;4342.5419;25288.4;10654.0;415.347;2.7;31008.0;1.41;32.5524;416.1133;400.0;36.4844;323.978;71.0;0.61;97.8;12388.0;98.5;48173.0;2.3621;956.0;100.1129;47951.0;13.496;28.0;1.8;219.0;259.0;10.6;55918.0;100.0;-99999999.0;871.2679;15605.0;12.8;31.1;43.0;11.0;26.91;41523.1;4.4322;-99999999.0;24548.0;12473.0
Костромская область;28.7;673.9;-88888888.0;7.8;571.9;52.8;1202.0;3.9;76.54;-88888888.0;894.0;47.5;153.0;63.57;17.1;42.9;351.0;543.0;574.9;69.9;14.7;-1.1;37.8;1.523;11.7;18.5;74.1;45.4;-88888888.0;697.5132;25.9;7.7;19.0;3.8;1908.0085;27139.8;11135.0;357.692;-3.3;34450.0;1.4;32.9466;275.9525;200.0;34.6372;328.9596;67.0;0.298;98.5;12860.0;96.5;37612.0;5.2632;1545.0;97.3147;37412.0;14.023;13.0;1.3;216.0;349.0;10.3;47413.0;103.0;-99999999.0;444.5185;16137.0;11.0;22.1;29.0;6.0;12.388;40241.5;2.0877;-99999999.0;29753.0;13362.0
Архангельская область;26.6;608.3;-88888888.0;8.1;1005.7;55.3;1162.0;4.4;76.62;-88888888.0;808.0;58.1;45.0;65.29;15.5;41.1;327.0;481.0;1010.8;70.93;4.5;-1.0;37.4;1.493;5.1;18.1;77.7;53.8;-88888888.0;702.5212;22.3;8.9;34.0;0.9;3891.0836;35748.2;-99999999.0;348.697;2.8;48356.0;1.27;33.3898;353.2882;405.0;32.7229;336.7907;66.0;0.847;98.0;-99999999.0;95.5;59635.0;8.8792;1500.0;96.8754;58962.0;42.027;23.0;1.3;206.0;248.0;13.0;82206.0;106.0;-99999999.0;929.9104;21239.0;11.8;27.3;40.0;11.0;15.414;67834.8;1.8672;-99999999.0;38562.0;-99999999.0
Алтайский край;25.9;624.6;-88888888.0;8.2;2130.9;54.5;1177.0;4.0;75.8;-88888888.0;834.0;58.0;38.0;64.13;15.8;32.2;360.0;474.0;2143.0;69.96;11.9;-1.1;30.1;1.345;16.2;19.6;58.3;51.6;-88888888.0;689.0805;41.7;8.8;59.0;10.8;4509.5976;24037.0;11436.0;437.123;4.6;31145.0;1.5;27.9012;1660.3952;721.0;38.6802;364.1709;65.0;1.242;96.7;12388.0;97.6;40156.0;3.0338;1660.0;100.7035;40032.0;30.265;32.0;1.3;257.0;318.0;12.6;54648.0;145.0;-99999999.0;859.7118;15521.0;15.4;22.7;38.0;27.0;65.699;39270.4;3.8245;-99999999.0;25062.0;12462.0
Ленинградская область;25.5;464.7;3.0;6.0;2023.8;60.4;1128.0;3.8;77.94;78.0;656.0;16.6;5901.0;68.65;12.9;63.6;233.0;423.0;2014.9;73.33;10.5;0.9;72.9;0.871;12.7;14.1;67.1;23.7;-88888888.0;672.6766;32.9;10.9;61.0;12.0;3328.1376;33571.5;12091.0;333.277;1.2;38963.0;1.81;30.0896;132.7644;484.0;43.1924;298.8279;82.0;0.798;99.0;14059.0;99.8;74653.0;1.1305;1173.0;101.4012;74365.0;11.171;40.0;1.6;280.0;317.0;10.1;88663.0;110.0;-99999999.0;832.175;17381.0;7.0;25.3;40.0;21.0;6.969;60007.5;6.5249;-99999999.0;32789.0;13296.0
Самарская область;26.2;551.3;-88888888.0;7.9;3142.7;56.4;1180.0;5.0;77.22;4.0;771.0;46.1;1621.0;66.85;14.2;34.4;308.0;463.0;3153.5;72.14;20.3;-0.7;33.6;1.33;20.7;17.4;79.5;44.9;-88888888.0;640.0866;20.5;10.4;92.0;12.0;5199.5234;29985.1;11253.0;517.022;1.3;37055.0;1.73;29.3115;720.9391;937.0;37.5324;319.4315;69.0;2.569;98.4;13085.0;99.7;50547.0;2.7777;1781.0;100.088;50176.0;42.317;71.0;1.8;246.0;292.0;14.1;60367.0;108.0;-99999999.0;838.0564;16737.0;10.9;27.6;38.0;21.0;24.678;48874.0;5.7132;-99999999.0;30264.0;13192.0
Камчатский край;19.9;678.2;-88888888.0;10.2;288.7;60.6;1119.0;6.3;74.97;-88888888.0;650.0;22.9;62.0;63.39;13.2;44.9;322.0;328.0;290.6;68.77;25.7;-1.3;51.4;1.626;36.5;19.5;78.0;18.6;-88888888.0;584.7619;22.0;13.3;8.0;0.7;1505.8505;53171.8;21692.0;72.477;15.9;70769.0;1.89;28.1824;204.1524;88.0;46.8757;576.22;78.0;0.951;99.1;25223.0;96.8;105424.0;4.1124;1968.0;98.5346;105549.0;5.669;6.0;0.9;155.0;250.0;12.7;108070.0;100.0;-99999999.0;1731.4119;24857.0;12.8;28.3;32.0;2.0;5.863;103539.9;16.2592;-99999999.0;44431.0;25056.0
Республика Саха (Якутия);16.4;448.0;-88888888.0;11.8;997.6;59.7;1134.0;4.0;77.6;-88888888.0;675.0;49.9;301.0;67.67;8.3;23.7;401.0;274.0;997.7;72.67;30.3;-0.0269;19.8;1.618;29.6;23.9;67.2;46.7;716.9;657.9183;32.8;11.9;24.0;0.5;3474.1439;43912.2;18076.0;197.272;13.2;57715.0;1.87;24.083;602.3412;272.0;37.4977;229.2181;87.0;2.232;100.2;21019.0;104.3;85523.0;6.7881;3175.0;103.1161;84645.0;25.511;16.0;1.7;272.0;248.0;9.1;141265.0;133.0;-99999999.0;1467.5777;22125.0;15.5;31.7;37.0;8.0;11.109;96728.3;9.4464;-99999999.0;41009.0;20556.0
Пермский край;24.2;599.7;-88888888.0;9.2;2508.4;55.6;1184.0;4.8;76.77;2.0;799.0;70.7;120.0;64.9;13.9;27.3;364.0;435.0;2516.8;70.9;6.9;-0.7;22.4;1.541;7.2;20.2;75.7;65.5;-88888888.0;643.4138;24.3;10.9;69.0;8.2;3830.6595;29347.6;11013.0;440.553;0.8;37253.0;1.5;27.3576;457.5044;767.0;37.8624;357.3673;67.0;2.76;98.4;12806.0;97.1;50169.0;3.8745;1416.0;100.2431;49660.0;44.191;52.0;1.3;244.0;259.0;12.0;66553.0;111.0;-99999999.0;724.593;16991.0;11.5;28.7;31.0;17.0;17.53;53234.1;5.7945;-99999999.0;30768.0;13093.0
Кировская область;29.6;574.0;-88888888.0;7.8;1138.1;53.2;1190.0;4.9;77.43;-88888888.0;878.0;67.4;110.0;65.35;16.6;31.3;323.0;555.0;1143.6;71.31;3.0;-1.0;29.6;1.5;3.0;17.2;78.3;65.7;-88888888.0;676.9659;21.7;8.9;36.0;5.7;2698.1028;25254.9;10725.0;291.574;-2.6;32149.0;1.35;31.196;448.1268;414.0;35.7772;310.4027;76.0;1.011;97.9;12388.0;96.8;36581.0;3.9579;1301.0;98.5421;36273.0;22.028;26.0;1.3;283.0;317.0;12.2;63308.0;121.0;-99999999.0;771.1315;16773.0;12.5;24.8;37.0;10.0;19.838;40833.2;4.435;-99999999.0;26548.0;12934.0
Московская область;22.8;435.8;39.0;8.6;8591.7;58.7;1103.0;3.7;77.87;5.0;703.0;16.9;5935.0;69.65;11.7;59.4;315.0;388.0;8567.0;73.78;22.6;0.6;60.5;1.329;18.9;18.5;78.3;21.7;-88888888.0;580.0308;21.7;11.8;283.0;26.5;19881.752;48004.7;13951.0;1802.235;6.3;55109.0;1.75;32.9629;2411.3228;1972.0;33.2791;323.0936;109.0;1.875;96.8;16223.0;97.7;88121.0;0.6904;1621.0;95.4319;88137.0;28.061;268.0;1.9;250.0;379.0;13.3;80932.0;119.0;-99999999.0;919.31;18028.0;5.5;35.5;43.0;16.0;97.896;70704.6;6.3104;-99999999.0;43138.0;16136.0
Курская область;27.8;533.0;-88888888.0;7.4;1067.0;55.2;1206.0;4.6;77.23;2.0;812.0;45.0;1855.0;65.75;16.2;38.7;309.0;503.0;1072.6;71.54;22.6;-1.0;32.4;1.29;18.6;17.0;68.5;42.7;-88888888.0;668.0432;31.5;6.6;35.0;14.7;2437.349;30339.6;10461.0;408.323;7.0;37632.0;1.37;33.1251;130.0592;375.0;39.1339;329.549;91.0;0.727;97.4;12110.0;97.9;40256.0;3.1858;665.0;98.9136;39916.0;15.582;22.0;1.2;195.0;222.0;12.4;50631.0;142.0;-99999999.0;497.4308;15522.0;8.1;16.9;54.0;13.0;7.934;46059.2;4.4752;-99999999.0;28917.0;12246.0
Рязанская область;28.8;524.4;-88888888.0;6.4;1088.9;55.4;1209.0;6.4;77.83;2.0;805.0;45.1;484.0;66.28;16.1;42.2;285.0;520.0;1093.7;72.14;17.1;-0.9;37.8;1.142;11.3;15.8;71.4;46.5;-88888888.0;620.2253;28.6;11.5;39.0;10.0;2499.7428;27604.4;10663.0;301.426;-1.9;33379.0;1.37;35.4417;317.6524;363.0;49.0411;399.6453;67.0;0.537;97.9;12388.0;96.2;45205.0;2.6804;1205.0;98.7617;44711.0;13.252;25.0;1.7;238.0;318.0;12.6;66782.0;119.0;-99999999.0;691.088;16183.0;11.8;23.5;38.0;13.0;16.962;45769.7;3.9465;-99999999.0;27306.0;12988.0
Орловская область;28.3;576.0;-88888888.0;7.0;700.3;55.4;1199.0;8.0;76.13;-88888888.0;804.0;40.6;866.0;65.29;17.2;51.6;295.0;509.0;705.2;70.73;17.8;-1.4;41.6;1.212;14.5;16.3;66.6;33.9;-88888888.0;682.1178;33.4;9.9;22.0;4.2;1472.9334;27467.4;11132.0;188.073;5.2;34138.0;1.16;31.7903;106.7327;258.0;39.2062;350.3219;84.0;0.301;97.7;12945.0;97.6;42286.0;1.9767;1682.0;99.4836;41783.0;6.489;15.0;1.1;199.0;265.0;11.3;59526.0;114.0;-99999999.0;652.6426;16291.0;11.5;25.2;38.0;7.0;4.288;40843.4;4.1426;-99999999.0;27748.0;12577.0
Республика Башкортостан;23.8;505.5;1.0;8.8;4077.6;56.3;1115.0;4.2;78.25;-88888888.0;775.0;62.5;255.0;67.76;11.9;28.3;353.0;422.0;4084.6;72.98;10.3;-0.3;27.2;1.406;9.9;19.9;62.3;61.8;-88888888.0;687.9092;37.7;7.0;117.0;23.6;4005.9615;28468.7;11474.0;561.547;0.7;35269.0;1.47;28.76;1531.9745;1149.0;29.6888;392.0782;81.0;2.284;98.3;12110.0;96.2;58433.0;2.4572;1710.0;100.7861;57843.0;43.208;66.0;1.5;299.0;310.0;14.9;80735.0;116.0;-99999999.0;594.483;16399.0;10.1;23.6;37.0;52.0;51.214;49459.7;4.7559;-99999999.0;30479.0;11838.0
Республика Татарстан;24.1;399.8;3.0;9.2;4001.6;56.5;1141.0;3.2;79.82;11.0;771.0;54.7;1010.0;69.78;11.2;29.0;343.0;428.0;4000.8;74.92;15.2;0.0;30.1;1.429;9.6;19.4;76.8;61.4;-88888888.0;531.0973;23.2;8.9;115.0;26.3;4467.5318;36280.5;10175.0;706.628;1.2;44932.0;1.8;28.763;1093.445;1110.0;35.5161;282.3143;83.0;3.87;98.9;11832.0;102.1;50714.0;3.4302;980.0;100.0747;49740.0;58.972;82.0;2.2;362.0;313.0;17.9;54781.0;121.0;-99999999.0;526.8604;16595.0;5.0;24.9;42.0;33.0;68.728;52274.1;6.2881;-99999999.0;35993.0;11532.0
Амурская область;21.5;692.4;-88888888.0;9.1;756.2;58.4;1120.0;4.4;74.22;-88888888.0;711.0;57.8;81.0;62.58;14.8;39.7;344.0;367.0;759.9;68.17;6.3;-1.0;35.9;1.462;9.0;20.1;68.4;51.3;-88888888.0;630.5269;31.6;10.0;21.0;0.7;2207.8034;34565.7;13910.0;148.041;3.5;44900.0;1.77;27.3922;741.9436;218.0;35.9632;312.4446;67.0;1.032;100.1;16174.0;98.9;65759.0;3.5294;2474.0;99.5082;65376.0;12.485;14.0;1.1;204.0;330.0;15.1;70898.0;133.0;-99999999.0;1242.7883;17029.0;13.3;27.7;39.0;6.0;21.015;65863.9;7.9759;-99999999.0;35974.0;15745.0
